,id,model,grid_num,reward,best_reward
0,0,pressure,0,-2,-1
1,0,pressure,1,0,1
2,0,pressure,2,0,0
3,0,pressure,3,-2,1
4,0,pressure,4,2,2
5,0,pressure,5,2,2
6,0,pressure,6,-1,-1
7,0,pressure,7,-2,-2
8,0,pressure,8,2,2
9,0,pressure,9,0,0
10,0,pressure,10,-1,-1
11,0,pressure,11,2,2
12,0,pressure,12,-2,-1
13,0,pressure,13,1,1
14,0,pressure,14,-1,-1
15,0,pressure,15,1,1
16,0,pressure,16,2,2
17,0,pressure,17,1,1
18,0,pressure,18,-1,-1
19,0,pressure,19,1,1
20,0,pressure,20,1,1
21,0,pressure,21,0,0
22,0,pressure,22,0,0
23,0,pressure,23,1,1
24,0,pressure,24,-2,0
25,0,pressure,25,-1,0
26,0,pressure,26,2,2
27,0,pressure,27,-1,-1
28,0,pressure,28,2,2
29,0,pressure,29,0,0
30,0,pressure,30,0,0
31,0,pressure,31,0,0
32,0,pressure,32,0,0
33,1,pressure,0,-1,-1
34,1,pressure,1,0,1
35,1,pressure,2,0,0
36,1,pressure,3,-2,1
37,1,pressure,4,2,2
38,1,pressure,5,2,2
39,1,pressure,6,-1,-1
40,1,pressure,7,-2,-2
41,1,pressure,8,2,2
42,1,pressure,9,0,0
43,1,pressure,10,-1,-1
44,1,pressure,11,2,2
45,1,pressure,12,-2,-1
46,1,pressure,13,1,1
47,1,pressure,14,-2,-1
48,1,pressure,15,1,1
49,1,pressure,16,2,2
50,1,pressure,17,0,1
51,1,pressure,18,-1,-1
52,1,pressure,19,1,1
53,1,pressure,20,1,1
54,1,pressure,21,0,0
55,1,pressure,22,0,0
56,1,pressure,23,1,1
57,1,pressure,24,-2,0
58,1,pressure,25,0,0
59,1,pressure,26,2,2
60,1,pressure,27,-1,-1
61,1,pressure,28,2,2
62,1,pressure,29,0,0
63,1,pressure,30,0,0
64,1,pressure,31,0,0
65,1,pressure,32,0,0
66,2,pressure,0,-1,-1
67,2,pressure,1,0,1
68,2,pressure,2,0,0
69,2,pressure,3,-2,1
70,2,pressure,4,0,2
71,2,pressure,5,2,2
72,2,pressure,6,-1,-1
73,2,pressure,7,-2,-2
74,2,pressure,8,2,2
75,2,pressure,9,0,0
76,2,pressure,10,-1,-1
77,2,pressure,11,2,2
78,2,pressure,12,-2,-1
79,2,pressure,13,1,1
80,2,pressure,14,-1,-1
81,2,pressure,15,1,1
82,2,pressure,16,2,2
83,2,pressure,17,1,1
84,2,pressure,18,-1,-1
85,2,pressure,19,1,1
86,2,pressure,20,1,1
87,2,pressure,21,0,0
88,2,pressure,22,0,0
89,2,pressure,23,1,1
90,2,pressure,24,0,0
91,2,pressure,25,0,0
92,2,pressure,26,2,2
93,2,pressure,27,-1,-1
94,2,pressure,28,2,2
95,2,pressure,29,0,0
96,2,pressure,30,-2,0
97,2,pressure,31,0,0
98,2,pressure,32,0,0
99,3,pressure,0,-1,-1
100,3,pressure,1,0,1
101,3,pressure,2,-2,0
102,3,pressure,3,-2,1
103,3,pressure,4,2,2
104,3,pressure,5,2,2
105,3,pressure,6,-1,-1
106,3,pressure,7,-2,-2
107,3,pressure,8,2,2
108,3,pressure,9,0,0
109,3,pressure,10,-1,-1
110,3,pressure,11,2,2
111,3,pressure,12,-2,-1
112,3,pressure,13,1,1
113,3,pressure,14,-1,-1
114,3,pressure,15,1,1
115,3,pressure,16,2,2
116,3,pressure,17,1,1
117,3,pressure,18,-1,-1
118,3,pressure,19,1,1
119,3,pressure,20,1,1
120,3,pressure,21,0,0
121,3,pressure,22,0,0
122,3,pressure,23,1,1
123,3,pressure,24,0,0
124,3,pressure,25,0,0
125,3,pressure,26,2,2
126,3,pressure,27,-1,-1
127,3,pressure,28,2,2
128,3,pressure,29,0,0
129,3,pressure,30,0,0
130,3,pressure,31,0,0
131,3,pressure,32,0,0
132,4,pressure,0,-1,-1
133,4,pressure,1,0,1
134,4,pressure,2,0,0
135,4,pressure,3,-2,1
136,4,pressure,4,2,2
137,4,pressure,5,2,2
138,4,pressure,6,-1,-1
139,4,pressure,7,-2,-2
140,4,pressure,8,2,2
141,4,pressure,9,0,0
142,4,pressure,10,-1,-1
143,4,pressure,11,2,2
144,4,pressure,12,-2,-1
145,4,pressure,13,1,1
146,4,pressure,14,-1,-1
147,4,pressure,15,1,1
148,4,pressure,16,2,2
149,4,pressure,17,1,1
150,4,pressure,18,-1,-1
151,4,pressure,19,1,1
152,4,pressure,20,1,1
153,4,pressure,21,0,0
154,4,pressure,22,0,0
155,4,pressure,23,1,1
156,4,pressure,24,0,0
157,4,pressure,25,0,0
158,4,pressure,26,2,2
159,4,pressure,27,-1,-1
160,4,pressure,28,2,2
161,4,pressure,29,0,0
162,4,pressure,30,0,0
163,4,pressure,31,0,0
164,4,pressure,32,0,0
165,5,pressure,0,-1,-1
166,5,pressure,1,0,1
167,5,pressure,2,0,0
168,5,pressure,3,-2,1
169,5,pressure,4,2,2
170,5,pressure,5,2,2
171,5,pressure,6,-1,-1
172,5,pressure,7,-2,-2
173,5,pressure,8,2,2
174,5,pressure,9,0,0
175,5,pressure,10,-1,-1
176,5,pressure,11,2,2
177,5,pressure,12,-2,-1
178,5,pressure,13,1,1
179,5,pressure,14,-1,-1
180,5,pressure,15,-1,1
181,5,pressure,16,2,2
182,5,pressure,17,0,1
183,5,pressure,18,-1,-1
184,5,pressure,19,1,1
185,5,pressure,20,1,1
186,5,pressure,21,0,0
187,5,pressure,22,0,0
188,5,pressure,23,1,1
189,5,pressure,24,0,0
190,5,pressure,25,0,0
191,5,pressure,26,2,2
192,5,pressure,27,-1,-1
193,5,pressure,28,2,2
194,5,pressure,29,0,0
195,5,pressure,30,0,0
196,5,pressure,31,0,0
197,5,pressure,32,0,0
198,6,pressure,0,-1,-1
199,6,pressure,1,1,1
200,6,pressure,2,0,0
201,6,pressure,3,1,1
202,6,pressure,4,2,2
203,6,pressure,5,2,2
204,6,pressure,6,-1,-1
205,6,pressure,7,-2,-2
206,6,pressure,8,2,2
207,6,pressure,9,0,0
208,6,pressure,10,-1,-1
209,6,pressure,11,2,2
210,6,pressure,12,-2,-1
211,6,pressure,13,1,1
212,6,pressure,14,-2,-1
213,6,pressure,15,1,1
214,6,pressure,16,2,2
215,6,pressure,17,1,1
216,6,pressure,18,-1,-1
217,6,pressure,19,1,1
218,6,pressure,20,1,1
219,6,pressure,21,0,0
220,6,pressure,22,0,0
221,6,pressure,23,1,1
222,6,pressure,24,0,0
223,6,pressure,25,-1,0
224,6,pressure,26,2,2
225,6,pressure,27,-1,-1
226,6,pressure,28,2,2
227,6,pressure,29,0,0
228,6,pressure,30,0,0
229,6,pressure,31,0,0
230,6,pressure,32,0,0
231,7,pressure,0,-1,-1
232,7,pressure,1,0,1
233,7,pressure,2,0,0
234,7,pressure,3,-2,1
235,7,pressure,4,2,2
236,7,pressure,5,2,2
237,7,pressure,6,-1,-1
238,7,pressure,7,-2,-2
239,7,pressure,8,2,2
240,7,pressure,9,0,0
241,7,pressure,10,-1,-1
242,7,pressure,11,2,2
243,7,pressure,12,-1,-1
244,7,pressure,13,1,1
245,7,pressure,14,-1,-1
246,7,pressure,15,1,1
247,7,pressure,16,2,2
248,7,pressure,17,1,1
249,7,pressure,18,-1,-1
250,7,pressure,19,1,1
251,7,pressure,20,1,1
252,7,pressure,21,0,0
253,7,pressure,22,0,0
254,7,pressure,23,1,1
255,7,pressure,24,0,0
256,7,pressure,25,0,0
257,7,pressure,26,2,2
258,7,pressure,27,-1,-1
259,7,pressure,28,2,2
260,7,pressure,29,0,0
261,7,pressure,30,-2,0
262,7,pressure,31,0,0
263,7,pressure,32,0,0
264,8,pressure,0,-1,-1
265,8,pressure,1,0,1
266,8,pressure,2,0,0
267,8,pressure,3,1,1
268,8,pressure,4,2,2
269,8,pressure,5,2,2
270,8,pressure,6,-1,-1
271,8,pressure,7,-2,-2
272,8,pressure,8,2,2
273,8,pressure,9,0,0
274,8,pressure,10,-1,-1
275,8,pressure,11,2,2
276,8,pressure,12,-1,-1
277,8,pressure,13,1,1
278,8,pressure,14,-2,-1
279,8,pressure,15,-1,1
280,8,pressure,16,2,2
281,8,pressure,17,1,1
282,8,pressure,18,-1,-1
283,8,pressure,19,1,1
284,8,pressure,20,1,1
285,8,pressure,21,0,0
286,8,pressure,22,0,0
287,8,pressure,23,1,1
288,8,pressure,24,0,0
289,8,pressure,25,-1,0
290,8,pressure,26,2,2
291,8,pressure,27,-1,-1
292,8,pressure,28,2,2
293,8,pressure,29,0,0
294,8,pressure,30,0,0
295,8,pressure,31,0,0
296,8,pressure,32,0,0
297,9,pressure,0,-1,-1
298,9,pressure,1,0,1
299,9,pressure,2,0,0
300,9,pressure,3,-2,1
301,9,pressure,4,2,2
302,9,pressure,5,2,2
303,9,pressure,6,-1,-1
304,9,pressure,7,-2,-2
305,9,pressure,8,2,2
306,9,pressure,9,0,0
307,9,pressure,10,-1,-1
308,9,pressure,11,2,2
309,9,pressure,12,-2,-1
310,9,pressure,13,1,1
311,9,pressure,14,-1,-1
312,9,pressure,15,1,1
313,9,pressure,16,2,2
314,9,pressure,17,0,1
315,9,pressure,18,-1,-1
316,9,pressure,19,1,1
317,9,pressure,20,1,1
318,9,pressure,21,0,0
319,9,pressure,22,0,0
320,9,pressure,23,1,1
321,9,pressure,24,0,0
322,9,pressure,25,-1,0
323,9,pressure,26,2,2
324,9,pressure,27,-1,-1
325,9,pressure,28,2,2
326,9,pressure,29,0,0
327,9,pressure,30,-2,0
328,9,pressure,31,0,0
329,9,pressure,32,0,0
330,10,pressure,0,-1,-1
331,10,pressure,1,0,1
332,10,pressure,2,0,0
333,10,pressure,3,-2,1
334,10,pressure,4,2,2
335,10,pressure,5,0,2
336,10,pressure,6,-1,-1
337,10,pressure,7,-2,-2
338,10,pressure,8,2,2
339,10,pressure,9,0,0
340,10,pressure,10,-1,-1
341,10,pressure,11,2,2
342,10,pressure,12,-2,-1
343,10,pressure,13,1,1
344,10,pressure,14,-1,-1
345,10,pressure,15,1,1
346,10,pressure,16,2,2
347,10,pressure,17,1,1
348,10,pressure,18,-1,-1
349,10,pressure,19,1,1
350,10,pressure,20,1,1
351,10,pressure,21,0,0
352,10,pressure,22,0,0
353,10,pressure,23,1,1
354,10,pressure,24,0,0
355,10,pressure,25,0,0
356,10,pressure,26,2,2
357,10,pressure,27,-1,-1
358,10,pressure,28,2,2
359,10,pressure,29,0,0
360,10,pressure,30,0,0
361,10,pressure,31,0,0
362,10,pressure,32,0,0
363,11,pressure,0,-1,-1
364,11,pressure,1,0,1
365,11,pressure,2,0,0
366,11,pressure,3,-2,1
367,11,pressure,4,2,2
368,11,pressure,5,2,2
369,11,pressure,6,-1,-1
370,11,pressure,7,-2,-2
371,11,pressure,8,2,2
372,11,pressure,9,0,0
373,11,pressure,10,-1,-1
374,11,pressure,11,2,2
375,11,pressure,12,-2,-1
376,11,pressure,13,1,1
377,11,pressure,14,-1,-1
378,11,pressure,15,1,1
379,11,pressure,16,0,2
380,11,pressure,17,1,1
381,11,pressure,18,-1,-1
382,11,pressure,19,1,1
383,11,pressure,20,1,1
384,11,pressure,21,0,0
385,11,pressure,22,0,0
386,11,pressure,23,1,1
387,11,pressure,24,0,0
388,11,pressure,25,-1,0
389,11,pressure,26,2,2
390,11,pressure,27,-1,-1
391,11,pressure,28,2,2
392,11,pressure,29,0,0
393,11,pressure,30,0,0
394,11,pressure,31,0,0
395,11,pressure,32,0,0
396,12,pressure,0,-1,-1
397,12,pressure,1,0,1
398,12,pressure,2,0,0
399,12,pressure,3,-2,1
400,12,pressure,4,2,2
401,12,pressure,5,2,2
402,12,pressure,6,-1,-1
403,12,pressure,7,-2,-2
404,12,pressure,8,2,2
405,12,pressure,9,0,0
406,12,pressure,10,-1,-1
407,12,pressure,11,2,2
408,12,pressure,12,-2,-1
409,12,pressure,13,1,1
410,12,pressure,14,-1,-1
411,12,pressure,15,1,1
412,12,pressure,16,2,2
413,12,pressure,17,1,1
414,12,pressure,18,-1,-1
415,12,pressure,19,1,1
416,12,pressure,20,1,1
417,12,pressure,21,0,0
418,12,pressure,22,0,0
419,12,pressure,23,1,1
420,12,pressure,24,-2,0
421,12,pressure,25,0,0
422,12,pressure,26,2,2
423,12,pressure,27,-1,-1
424,12,pressure,28,2,2
425,12,pressure,29,0,0
426,12,pressure,30,-2,0
427,12,pressure,31,0,0
428,12,pressure,32,0,0
429,13,pressure,0,-1,-1
430,13,pressure,1,0,1
431,13,pressure,2,-2,0
432,13,pressure,3,-2,1
433,13,pressure,4,2,2
434,13,pressure,5,2,2
435,13,pressure,6,-1,-1
436,13,pressure,7,-2,-2
437,13,pressure,8,2,2
438,13,pressure,9,0,0
439,13,pressure,10,-1,-1
440,13,pressure,11,2,2
441,13,pressure,12,-2,-1
442,13,pressure,13,1,1
443,13,pressure,14,-2,-1
444,13,pressure,15,1,1
445,13,pressure,16,2,2
446,13,pressure,17,1,1
447,13,pressure,18,-1,-1
448,13,pressure,19,1,1
449,13,pressure,20,1,1
450,13,pressure,21,0,0
451,13,pressure,22,0,0
452,13,pressure,23,1,1
453,13,pressure,24,0,0
454,13,pressure,25,0,0
455,13,pressure,26,2,2
456,13,pressure,27,-1,-1
457,13,pressure,28,2,2
458,13,pressure,29,0,0
459,13,pressure,30,0,0
460,13,pressure,31,0,0
461,13,pressure,32,0,0
462,14,pressure,0,-1,-1
463,14,pressure,1,0,1
464,14,pressure,2,0,0
465,14,pressure,3,-2,1
466,14,pressure,4,2,2
467,14,pressure,5,2,2
468,14,pressure,6,-1,-1
469,14,pressure,7,-2,-2
470,14,pressure,8,2,2
471,14,pressure,9,0,0
472,14,pressure,10,-1,-1
473,14,pressure,11,2,2
474,14,pressure,12,-2,-1
475,14,pressure,13,1,1
476,14,pressure,14,-2,-1
477,14,pressure,15,1,1
478,14,pressure,16,2,2
479,14,pressure,17,1,1
480,14,pressure,18,-1,-1
481,14,pressure,19,1,1
482,14,pressure,20,1,1
483,14,pressure,21,0,0
484,14,pressure,22,0,0
485,14,pressure,23,1,1
486,14,pressure,24,-2,0
487,14,pressure,25,-1,0
488,14,pressure,26,2,2
489,14,pressure,27,-1,-1
490,14,pressure,28,2,2
491,14,pressure,29,0,0
492,14,pressure,30,-2,0
493,14,pressure,31,0,0
494,14,pressure,32,0,0
495,15,pressure,0,-1,-1
496,15,pressure,1,0,1
497,15,pressure,2,-2,0
498,15,pressure,3,-2,1
499,15,pressure,4,2,2
500,15,pressure,5,2,2
501,15,pressure,6,-1,-1
502,15,pressure,7,-2,-2
503,15,pressure,8,2,2
504,15,pressure,9,0,0
505,15,pressure,10,-1,-1
506,15,pressure,11,2,2
507,15,pressure,12,-2,-1
508,15,pressure,13,1,1
509,15,pressure,14,-1,-1
510,15,pressure,15,1,1
511,15,pressure,16,2,2
512,15,pressure,17,1,1
513,15,pressure,18,-1,-1
514,15,pressure,19,1,1
515,15,pressure,20,1,1
516,15,pressure,21,0,0
517,15,pressure,22,0,0
518,15,pressure,23,1,1
519,15,pressure,24,0,0
520,15,pressure,25,-1,0
521,15,pressure,26,2,2
522,15,pressure,27,-1,-1
523,15,pressure,28,2,2
524,15,pressure,29,0,0
525,15,pressure,30,0,0
526,15,pressure,31,0,0
527,15,pressure,32,0,0
528,16,pressure,0,-1,-1
529,16,pressure,1,0,1
530,16,pressure,2,0,0
531,16,pressure,3,-2,1
532,16,pressure,4,2,2
533,16,pressure,5,2,2
534,16,pressure,6,-1,-1
535,16,pressure,7,-2,-2
536,16,pressure,8,2,2
537,16,pressure,9,0,0
538,16,pressure,10,-1,-1
539,16,pressure,11,2,2
540,16,pressure,12,-2,-1
541,16,pressure,13,1,1
542,16,pressure,14,-2,-1
543,16,pressure,15,-1,1
544,16,pressure,16,2,2
545,16,pressure,17,0,1
546,16,pressure,18,-1,-1
547,16,pressure,19,1,1
548,16,pressure,20,1,1
549,16,pressure,21,0,0
550,16,pressure,22,-1,0
551,16,pressure,23,1,1
552,16,pressure,24,0,0
553,16,pressure,25,-1,0
554,16,pressure,26,2,2
555,16,pressure,27,-1,-1
556,16,pressure,28,2,2
557,16,pressure,29,0,0
558,16,pressure,30,0,0
559,16,pressure,31,0,0
560,16,pressure,32,0,0
561,17,pressure,0,-1,-1
562,17,pressure,1,0,1
563,17,pressure,2,0,0
564,17,pressure,3,-2,1
565,17,pressure,4,2,2
566,17,pressure,5,2,2
567,17,pressure,6,-1,-1
568,17,pressure,7,-2,-2
569,17,pressure,8,2,2
570,17,pressure,9,0,0
571,17,pressure,10,-1,-1
572,17,pressure,11,2,2
573,17,pressure,12,-2,-1
574,17,pressure,13,1,1
575,17,pressure,14,-2,-1
576,17,pressure,15,1,1
577,17,pressure,16,2,2
578,17,pressure,17,0,1
579,17,pressure,18,-1,-1
580,17,pressure,19,1,1
581,17,pressure,20,1,1
582,17,pressure,21,0,0
583,17,pressure,22,0,0
584,17,pressure,23,1,1
585,17,pressure,24,-2,0
586,17,pressure,25,-1,0
587,17,pressure,26,2,2
588,17,pressure,27,-1,-1
589,17,pressure,28,2,2
590,17,pressure,29,0,0
591,17,pressure,30,0,0
592,17,pressure,31,0,0
593,17,pressure,32,0,0
594,18,pressure,0,-1,-1
595,18,pressure,1,0,1
596,18,pressure,2,0,0
597,18,pressure,3,-2,1
598,18,pressure,4,2,2
599,18,pressure,5,2,2
600,18,pressure,6,-1,-1
601,18,pressure,7,-2,-2
602,18,pressure,8,2,2
603,18,pressure,9,0,0
604,18,pressure,10,-1,-1
605,18,pressure,11,2,2
606,18,pressure,12,-2,-1
607,18,pressure,13,0,1
608,18,pressure,14,-1,-1
609,18,pressure,15,1,1
610,18,pressure,16,2,2
611,18,pressure,17,1,1
612,18,pressure,18,-1,-1
613,18,pressure,19,1,1
614,18,pressure,20,1,1
615,18,pressure,21,0,0
616,18,pressure,22,0,0
617,18,pressure,23,1,1
618,18,pressure,24,0,0
619,18,pressure,25,0,0
620,18,pressure,26,2,2
621,18,pressure,27,-1,-1
622,18,pressure,28,2,2
623,18,pressure,29,0,0
624,18,pressure,30,0,0
625,18,pressure,31,0,0
626,18,pressure,32,0,0
627,19,pressure,0,-2,-1
628,19,pressure,1,0,1
629,19,pressure,2,0,0
630,19,pressure,3,-2,1
631,19,pressure,4,2,2
632,19,pressure,5,2,2
633,19,pressure,6,-1,-1
634,19,pressure,7,-2,-2
635,19,pressure,8,2,2
636,19,pressure,9,0,0
637,19,pressure,10,-1,-1
638,19,pressure,11,2,2
639,19,pressure,12,-2,-1
640,19,pressure,13,1,1
641,19,pressure,14,-2,-1
642,19,pressure,15,1,1
643,19,pressure,16,2,2
644,19,pressure,17,1,1
645,19,pressure,18,-1,-1
646,19,pressure,19,1,1
647,19,pressure,20,1,1
648,19,pressure,21,0,0
649,19,pressure,22,0,0
650,19,pressure,23,1,1
651,19,pressure,24,-2,0
652,19,pressure,25,-1,0
653,19,pressure,26,2,2
654,19,pressure,27,-1,-1
655,19,pressure,28,2,2
656,19,pressure,29,0,0
657,19,pressure,30,0,0
658,19,pressure,31,0,0
659,19,pressure,32,0,0
660,20,pressure,0,-1,-1
661,20,pressure,1,0,1
662,20,pressure,2,0,0
663,20,pressure,3,-2,1
664,20,pressure,4,2,2
665,20,pressure,5,2,2
666,20,pressure,6,-1,-1
667,20,pressure,7,-2,-2
668,20,pressure,8,2,2
669,20,pressure,9,0,0
670,20,pressure,10,-1,-1
671,20,pressure,11,2,2
672,20,pressure,12,-2,-1
673,20,pressure,13,1,1
674,20,pressure,14,-1,-1
675,20,pressure,15,1,1
676,20,pressure,16,0,2
677,20,pressure,17,0,1
678,20,pressure,18,-1,-1
679,20,pressure,19,1,1
680,20,pressure,20,1,1
681,20,pressure,21,0,0
682,20,pressure,22,0,0
683,20,pressure,23,1,1
684,20,pressure,24,0,0
685,20,pressure,25,0,0
686,20,pressure,26,2,2
687,20,pressure,27,-1,-1
688,20,pressure,28,2,2
689,20,pressure,29,-1,0
690,20,pressure,30,0,0
691,20,pressure,31,0,0
692,20,pressure,32,0,0
693,21,pressure,0,-1,-1
694,21,pressure,1,0,1
695,21,pressure,2,0,0
696,21,pressure,3,-2,1
697,21,pressure,4,2,2
698,21,pressure,5,2,2
699,21,pressure,6,-1,-1
700,21,pressure,7,-2,-2
701,21,pressure,8,2,2
702,21,pressure,9,0,0
703,21,pressure,10,-1,-1
704,21,pressure,11,2,2
705,21,pressure,12,-2,-1
706,21,pressure,13,1,1
707,21,pressure,14,-2,-1
708,21,pressure,15,1,1
709,21,pressure,16,2,2
710,21,pressure,17,1,1
711,21,pressure,18,-1,-1
712,21,pressure,19,1,1
713,21,pressure,20,1,1
714,21,pressure,21,0,0
715,21,pressure,22,0,0
716,21,pressure,23,1,1
717,21,pressure,24,0,0
718,21,pressure,25,0,0
719,21,pressure,26,2,2
720,21,pressure,27,-1,-1
721,21,pressure,28,2,2
722,21,pressure,29,0,0
723,21,pressure,30,0,0
724,21,pressure,31,0,0
725,21,pressure,32,0,0
726,22,pressure,0,-1,-1
727,22,pressure,1,0,1
728,22,pressure,2,0,0
729,22,pressure,3,-2,1
730,22,pressure,4,2,2
731,22,pressure,5,2,2
732,22,pressure,6,-1,-1
733,22,pressure,7,-2,-2
734,22,pressure,8,2,2
735,22,pressure,9,0,0
736,22,pressure,10,-1,-1
737,22,pressure,11,2,2
738,22,pressure,12,-1,-1
739,22,pressure,13,1,1
740,22,pressure,14,-1,-1
741,22,pressure,15,1,1
742,22,pressure,16,2,2
743,22,pressure,17,1,1
744,22,pressure,18,-1,-1
745,22,pressure,19,1,1
746,22,pressure,20,1,1
747,22,pressure,21,0,0
748,22,pressure,22,-1,0
749,22,pressure,23,1,1
750,22,pressure,24,-2,0
751,22,pressure,25,0,0
752,22,pressure,26,2,2
753,22,pressure,27,-1,-1
754,22,pressure,28,2,2
755,22,pressure,29,0,0
756,22,pressure,30,0,0
757,22,pressure,31,0,0
758,22,pressure,32,0,0
759,23,pressure,0,-1,-1
760,23,pressure,1,0,1
761,23,pressure,2,0,0
762,23,pressure,3,-2,1
763,23,pressure,4,2,2
764,23,pressure,5,2,2
765,23,pressure,6,-1,-1
766,23,pressure,7,-2,-2
767,23,pressure,8,2,2
768,23,pressure,9,0,0
769,23,pressure,10,-1,-1
770,23,pressure,11,2,2
771,23,pressure,12,-2,-1
772,23,pressure,13,1,1
773,23,pressure,14,-2,-1
774,23,pressure,15,1,1
775,23,pressure,16,2,2
776,23,pressure,17,1,1
777,23,pressure,18,-1,-1
778,23,pressure,19,1,1
779,23,pressure,20,1,1
780,23,pressure,21,0,0
781,23,pressure,22,0,0
782,23,pressure,23,1,1
783,23,pressure,24,0,0
784,23,pressure,25,0,0
785,23,pressure,26,2,2
786,23,pressure,27,-1,-1
787,23,pressure,28,0,2
788,23,pressure,29,0,0
789,23,pressure,30,0,0
790,23,pressure,31,0,0
791,23,pressure,32,0,0
792,24,pressure,0,-1,-1
793,24,pressure,1,0,1
794,24,pressure,2,0,0
795,24,pressure,3,-2,1
796,24,pressure,4,2,2
797,24,pressure,5,2,2
798,24,pressure,6,-1,-1
799,24,pressure,7,-2,-2
800,24,pressure,8,2,2
801,24,pressure,9,0,0
802,24,pressure,10,-1,-1
803,24,pressure,11,2,2
804,24,pressure,12,-1,-1
805,24,pressure,13,1,1
806,24,pressure,14,-2,-1
807,24,pressure,15,1,1
808,24,pressure,16,2,2
809,24,pressure,17,1,1
810,24,pressure,18,-1,-1
811,24,pressure,19,1,1
812,24,pressure,20,1,1
813,24,pressure,21,0,0
814,24,pressure,22,0,0
815,24,pressure,23,1,1
816,24,pressure,24,0,0
817,24,pressure,25,-1,0
818,24,pressure,26,2,2
819,24,pressure,27,-1,-1
820,24,pressure,28,2,2
821,24,pressure,29,0,0
822,24,pressure,30,0,0
823,24,pressure,31,0,0
824,24,pressure,32,0,0
825,25,pressure,0,-1,-1
826,25,pressure,1,0,1
827,25,pressure,2,0,0
828,25,pressure,3,-2,1
829,25,pressure,4,2,2
830,25,pressure,5,2,2
831,25,pressure,6,-1,-1
832,25,pressure,7,-2,-2
833,25,pressure,8,2,2
834,25,pressure,9,0,0
835,25,pressure,10,-1,-1
836,25,pressure,11,2,2
837,25,pressure,12,-2,-1
838,25,pressure,13,1,1
839,25,pressure,14,-1,-1
840,25,pressure,15,1,1
841,25,pressure,16,2,2
842,25,pressure,17,1,1
843,25,pressure,18,-1,-1
844,25,pressure,19,1,1
845,25,pressure,20,1,1
846,25,pressure,21,0,0
847,25,pressure,22,0,0
848,25,pressure,23,1,1
849,25,pressure,24,-2,0
850,25,pressure,25,0,0
851,25,pressure,26,2,2
852,25,pressure,27,-1,-1
853,25,pressure,28,2,2
854,25,pressure,29,0,0
855,25,pressure,30,0,0
856,25,pressure,31,0,0
857,25,pressure,32,0,0
858,26,pressure,0,-1,-1
859,26,pressure,1,0,1
860,26,pressure,2,0,0
861,26,pressure,3,-2,1
862,26,pressure,4,2,2
863,26,pressure,5,2,2
864,26,pressure,6,-1,-1
865,26,pressure,7,-2,-2
866,26,pressure,8,0,2
867,26,pressure,9,0,0
868,26,pressure,10,-1,-1
869,26,pressure,11,2,2
870,26,pressure,12,-2,-1
871,26,pressure,13,0,1
872,26,pressure,14,-1,-1
873,26,pressure,15,1,1
874,26,pressure,16,2,2
875,26,pressure,17,1,1
876,26,pressure,18,-1,-1
877,26,pressure,19,1,1
878,26,pressure,20,1,1
879,26,pressure,21,0,0
880,26,pressure,22,0,0
881,26,pressure,23,1,1
882,26,pressure,24,0,0
883,26,pressure,25,0,0
884,26,pressure,26,2,2
885,26,pressure,27,-1,-1
886,26,pressure,28,2,2
887,26,pressure,29,0,0
888,26,pressure,30,0,0
889,26,pressure,31,0,0
890,26,pressure,32,0,0
891,27,pressure,0,-1,-1
892,27,pressure,1,0,1
893,27,pressure,2,0,0
894,27,pressure,3,1,1
895,27,pressure,4,2,2
896,27,pressure,5,2,2
897,27,pressure,6,-1,-1
898,27,pressure,7,-2,-2
899,27,pressure,8,2,2
900,27,pressure,9,0,0
901,27,pressure,10,-1,-1
902,27,pressure,11,2,2
903,27,pressure,12,-2,-1
904,27,pressure,13,1,1
905,27,pressure,14,-2,-1
906,27,pressure,15,1,1
907,27,pressure,16,2,2
908,27,pressure,17,1,1
909,27,pressure,18,-1,-1
910,27,pressure,19,1,1
911,27,pressure,20,-1,1
912,27,pressure,21,0,0
913,27,pressure,22,0,0
914,27,pressure,23,1,1
915,27,pressure,24,0,0
916,27,pressure,25,0,0
917,27,pressure,26,2,2
918,27,pressure,27,-1,-1
919,27,pressure,28,2,2
920,27,pressure,29,0,0
921,27,pressure,30,0,0
922,27,pressure,31,0,0
923,27,pressure,32,0,0
924,28,pressure,0,-1,-1
925,28,pressure,1,0,1
926,28,pressure,2,0,0
927,28,pressure,3,-2,1
928,28,pressure,4,2,2
929,28,pressure,5,2,2
930,28,pressure,6,-1,-1
931,28,pressure,7,-2,-2
932,28,pressure,8,2,2
933,28,pressure,9,0,0
934,28,pressure,10,-1,-1
935,28,pressure,11,2,2
936,28,pressure,12,-2,-1
937,28,pressure,13,1,1
938,28,pressure,14,-1,-1
939,28,pressure,15,-1,1
940,28,pressure,16,0,2
941,28,pressure,17,1,1
942,28,pressure,18,-1,-1
943,28,pressure,19,1,1
944,28,pressure,20,1,1
945,28,pressure,21,0,0
946,28,pressure,22,0,0
947,28,pressure,23,1,1
948,28,pressure,24,0,0
949,28,pressure,25,0,0
950,28,pressure,26,2,2
951,28,pressure,27,-1,-1
952,28,pressure,28,2,2
953,28,pressure,29,0,0
954,28,pressure,30,0,0
955,28,pressure,31,0,0
956,28,pressure,32,0,0
957,29,pressure,0,-1,-1
958,29,pressure,1,0,1
959,29,pressure,2,0,0
960,29,pressure,3,-2,1
961,29,pressure,4,2,2
962,29,pressure,5,2,2
963,29,pressure,6,-1,-1
964,29,pressure,7,-2,-2
965,29,pressure,8,2,2
966,29,pressure,9,0,0
967,29,pressure,10,-1,-1
968,29,pressure,11,2,2
969,29,pressure,12,-1,-1
970,29,pressure,13,1,1
971,29,pressure,14,-2,-1
972,29,pressure,15,1,1
973,29,pressure,16,0,2
974,29,pressure,17,1,1
975,29,pressure,18,-1,-1
976,29,pressure,19,1,1
977,29,pressure,20,-1,1
978,29,pressure,21,0,0
979,29,pressure,22,0,0
980,29,pressure,23,1,1
981,29,pressure,24,-2,0
982,29,pressure,25,-1,0
983,29,pressure,26,2,2
984,29,pressure,27,-1,-1
985,29,pressure,28,2,2
986,29,pressure,29,0,0
987,29,pressure,30,-2,0
988,29,pressure,31,0,0
989,29,pressure,32,0,0
990,30,pressure,0,-1,-1
991,30,pressure,1,0,1
992,30,pressure,2,0,0
993,30,pressure,3,-2,1
994,30,pressure,4,2,2
995,30,pressure,5,2,2
996,30,pressure,6,-1,-1
997,30,pressure,7,-2,-2
998,30,pressure,8,2,2
999,30,pressure,9,0,0
1000,30,pressure,10,-1,-1
1001,30,pressure,11,2,2
1002,30,pressure,12,-2,-1
1003,30,pressure,13,1,1
1004,30,pressure,14,-1,-1
1005,30,pressure,15,1,1
1006,30,pressure,16,2,2
1007,30,pressure,17,1,1
1008,30,pressure,18,-1,-1
1009,30,pressure,19,1,1
1010,30,pressure,20,1,1
1011,30,pressure,21,0,0
1012,30,pressure,22,0,0
1013,30,pressure,23,1,1
1014,30,pressure,24,-2,0
1015,30,pressure,25,-1,0
1016,30,pressure,26,2,2
1017,30,pressure,27,-1,-1
1018,30,pressure,28,2,2
1019,30,pressure,29,0,0
1020,30,pressure,30,0,0
1021,30,pressure,31,0,0
1022,30,pressure,32,0,0
1023,31,pressure,0,-1,-1
1024,31,pressure,1,0,1
1025,31,pressure,2,0,0
1026,31,pressure,3,-2,1
1027,31,pressure,4,2,2
1028,31,pressure,5,2,2
1029,31,pressure,6,-1,-1
1030,31,pressure,7,-2,-2
1031,31,pressure,8,2,2
1032,31,pressure,9,0,0
1033,31,pressure,10,-1,-1
1034,31,pressure,11,2,2
1035,31,pressure,12,-2,-1
1036,31,pressure,13,1,1
1037,31,pressure,14,-1,-1
1038,31,pressure,15,1,1
1039,31,pressure,16,2,2
1040,31,pressure,17,1,1
1041,31,pressure,18,-1,-1
1042,31,pressure,19,1,1
1043,31,pressure,20,1,1
1044,31,pressure,21,0,0
1045,31,pressure,22,0,0
1046,31,pressure,23,1,1
1047,31,pressure,24,-2,0
1048,31,pressure,25,-1,0
1049,31,pressure,26,2,2
1050,31,pressure,27,-1,-1
1051,31,pressure,28,0,2
1052,31,pressure,29,0,0
1053,31,pressure,30,-2,0
1054,31,pressure,31,0,0
1055,31,pressure,32,0,0
1056,32,pressure,0,-1,-1
1057,32,pressure,1,0,1
1058,32,pressure,2,0,0
1059,32,pressure,3,-2,1
1060,32,pressure,4,2,2
1061,32,pressure,5,2,2
1062,32,pressure,6,-1,-1
1063,32,pressure,7,-2,-2
1064,32,pressure,8,2,2
1065,32,pressure,9,0,0
1066,32,pressure,10,-1,-1
1067,32,pressure,11,2,2
1068,32,pressure,12,-2,-1
1069,32,pressure,13,1,1
1070,32,pressure,14,-1,-1
1071,32,pressure,15,-1,1
1072,32,pressure,16,2,2
1073,32,pressure,17,1,1
1074,32,pressure,18,-1,-1
1075,32,pressure,19,1,1
1076,32,pressure,20,1,1
1077,32,pressure,21,0,0
1078,32,pressure,22,-1,0
1079,32,pressure,23,1,1
1080,32,pressure,24,0,0
1081,32,pressure,25,-1,0
1082,32,pressure,26,2,2
1083,32,pressure,27,-1,-1
1084,32,pressure,28,2,2
1085,32,pressure,29,0,0
1086,32,pressure,30,0,0
1087,32,pressure,31,0,0
1088,32,pressure,32,0,0
1089,33,pressure,0,-1,-1
1090,33,pressure,1,1,1
1091,33,pressure,2,0,0
1092,33,pressure,3,-2,1
1093,33,pressure,4,2,2
1094,33,pressure,5,2,2
1095,33,pressure,6,-1,-1
1096,33,pressure,7,-2,-2
1097,33,pressure,8,0,2
1098,33,pressure,9,0,0
1099,33,pressure,10,-1,-1
1100,33,pressure,11,2,2
1101,33,pressure,12,-2,-1
1102,33,pressure,13,1,1
1103,33,pressure,14,-2,-1
1104,33,pressure,15,1,1
1105,33,pressure,16,2,2
1106,33,pressure,17,1,1
1107,33,pressure,18,-1,-1
1108,33,pressure,19,1,1
1109,33,pressure,20,1,1
1110,33,pressure,21,0,0
1111,33,pressure,22,0,0
1112,33,pressure,23,1,1
1113,33,pressure,24,0,0
1114,33,pressure,25,0,0
1115,33,pressure,26,2,2
1116,33,pressure,27,-1,-1
1117,33,pressure,28,2,2
1118,33,pressure,29,0,0
1119,33,pressure,30,0,0
1120,33,pressure,31,0,0
1121,33,pressure,32,0,0
1122,34,pressure,0,-1,-1
1123,34,pressure,1,0,1
1124,34,pressure,2,0,0
1125,34,pressure,3,-2,1
1126,34,pressure,4,2,2
1127,34,pressure,5,2,2
1128,34,pressure,6,-1,-1
1129,34,pressure,7,-2,-2
1130,34,pressure,8,2,2
1131,34,pressure,9,0,0
1132,34,pressure,10,-1,-1
1133,34,pressure,11,2,2
1134,34,pressure,12,-2,-1
1135,34,pressure,13,1,1
1136,34,pressure,14,-2,-1
1137,34,pressure,15,1,1
1138,34,pressure,16,2,2
1139,34,pressure,17,1,1
1140,34,pressure,18,-1,-1
1141,34,pressure,19,1,1
1142,34,pressure,20,1,1
1143,34,pressure,21,0,0
1144,34,pressure,22,0,0
1145,34,pressure,23,1,1
1146,34,pressure,24,0,0
1147,34,pressure,25,-1,0
1148,34,pressure,26,2,2
1149,34,pressure,27,-1,-1
1150,34,pressure,28,2,2
1151,34,pressure,29,-1,0
1152,34,pressure,30,0,0
1153,34,pressure,31,0,0
1154,34,pressure,32,0,0
1155,35,pressure,0,-1,-1
1156,35,pressure,1,0,1
1157,35,pressure,2,0,0
1158,35,pressure,3,-2,1
1159,35,pressure,4,2,2
1160,35,pressure,5,2,2
1161,35,pressure,6,-1,-1
1162,35,pressure,7,-2,-2
1163,35,pressure,8,2,2
1164,35,pressure,9,0,0
1165,35,pressure,10,-1,-1
1166,35,pressure,11,2,2
1167,35,pressure,12,-2,-1
1168,35,pressure,13,1,1
1169,35,pressure,14,-1,-1
1170,35,pressure,15,1,1
1171,35,pressure,16,2,2
1172,35,pressure,17,1,1
1173,35,pressure,18,-1,-1
1174,35,pressure,19,1,1
1175,35,pressure,20,1,1
1176,35,pressure,21,0,0
1177,35,pressure,22,-1,0
1178,35,pressure,23,1,1
1179,35,pressure,24,-2,0
1180,35,pressure,25,-1,0
1181,35,pressure,26,2,2
1182,35,pressure,27,-1,-1
1183,35,pressure,28,2,2
1184,35,pressure,29,0,0
1185,35,pressure,30,0,0
1186,35,pressure,31,0,0
1187,35,pressure,32,0,0
1188,36,pressure,0,-1,-1
1189,36,pressure,1,0,1
1190,36,pressure,2,0,0
1191,36,pressure,3,-2,1
1192,36,pressure,4,2,2
1193,36,pressure,5,2,2
1194,36,pressure,6,-1,-1
1195,36,pressure,7,-2,-2
1196,36,pressure,8,2,2
1197,36,pressure,9,0,0
1198,36,pressure,10,-1,-1
1199,36,pressure,11,2,2
1200,36,pressure,12,-2,-1
1201,36,pressure,13,1,1
1202,36,pressure,14,-1,-1
1203,36,pressure,15,-1,1
1204,36,pressure,16,2,2
1205,36,pressure,17,1,1
1206,36,pressure,18,-1,-1
1207,36,pressure,19,1,1
1208,36,pressure,20,1,1
1209,36,pressure,21,0,0
1210,36,pressure,22,0,0
1211,36,pressure,23,1,1
1212,36,pressure,24,0,0
1213,36,pressure,25,-1,0
1214,36,pressure,26,2,2
1215,36,pressure,27,-1,-1
1216,36,pressure,28,2,2
1217,36,pressure,29,0,0
1218,36,pressure,30,-2,0
1219,36,pressure,31,0,0
1220,36,pressure,32,0,0
1221,37,pressure,0,-1,-1
1222,37,pressure,1,0,1
1223,37,pressure,2,0,0
1224,37,pressure,3,-2,1
1225,37,pressure,4,2,2
1226,37,pressure,5,2,2
1227,37,pressure,6,-1,-1
1228,37,pressure,7,-2,-2
1229,37,pressure,8,2,2
1230,37,pressure,9,0,0
1231,37,pressure,10,-1,-1
1232,37,pressure,11,2,2
1233,37,pressure,12,-2,-1
1234,37,pressure,13,1,1
1235,37,pressure,14,-2,-1
1236,37,pressure,15,1,1
1237,37,pressure,16,2,2
1238,37,pressure,17,1,1
1239,37,pressure,18,-1,-1
1240,37,pressure,19,1,1
1241,37,pressure,20,1,1
1242,37,pressure,21,0,0
1243,37,pressure,22,0,0
1244,37,pressure,23,1,1
1245,37,pressure,24,0,0
1246,37,pressure,25,0,0
1247,37,pressure,26,2,2
1248,37,pressure,27,-1,-1
1249,37,pressure,28,2,2
1250,37,pressure,29,0,0
1251,37,pressure,30,0,0
1252,37,pressure,31,0,0
1253,37,pressure,32,0,0
1254,38,pressure,0,-1,-1
1255,38,pressure,1,0,1
1256,38,pressure,2,0,0
1257,38,pressure,3,-2,1
1258,38,pressure,4,2,2
1259,38,pressure,5,2,2
1260,38,pressure,6,-1,-1
1261,38,pressure,7,-2,-2
1262,38,pressure,8,2,2
1263,38,pressure,9,0,0
1264,38,pressure,10,-1,-1
1265,38,pressure,11,2,2
1266,38,pressure,12,-2,-1
1267,38,pressure,13,1,1
1268,38,pressure,14,-1,-1
1269,38,pressure,15,-1,1
1270,38,pressure,16,2,2
1271,38,pressure,17,1,1
1272,38,pressure,18,-1,-1
1273,38,pressure,19,1,1
1274,38,pressure,20,1,1
1275,38,pressure,21,0,0
1276,38,pressure,22,0,0
1277,38,pressure,23,1,1
1278,38,pressure,24,0,0
1279,38,pressure,25,-1,0
1280,38,pressure,26,2,2
1281,38,pressure,27,-1,-1
1282,38,pressure,28,2,2
1283,38,pressure,29,0,0
1284,38,pressure,30,0,0
1285,38,pressure,31,0,0
1286,38,pressure,32,0,0
1287,39,pressure,0,-1,-1
1288,39,pressure,1,0,1
1289,39,pressure,2,0,0
1290,39,pressure,3,-2,1
1291,39,pressure,4,2,2
1292,39,pressure,5,2,2
1293,39,pressure,6,-1,-1
1294,39,pressure,7,-2,-2
1295,39,pressure,8,2,2
1296,39,pressure,9,0,0
1297,39,pressure,10,-1,-1
1298,39,pressure,11,2,2
1299,39,pressure,12,-2,-1
1300,39,pressure,13,1,1
1301,39,pressure,14,-2,-1
1302,39,pressure,15,1,1
1303,39,pressure,16,2,2
1304,39,pressure,17,1,1
1305,39,pressure,18,-1,-1
1306,39,pressure,19,1,1
1307,39,pressure,20,1,1
1308,39,pressure,21,0,0
1309,39,pressure,22,0,0
1310,39,pressure,23,1,1
1311,39,pressure,24,0,0
1312,39,pressure,25,0,0
1313,39,pressure,26,2,2
1314,39,pressure,27,-1,-1
1315,39,pressure,28,2,2
1316,39,pressure,29,0,0
1317,39,pressure,30,0,0
1318,39,pressure,31,0,0
1319,39,pressure,32,0,0
1320,40,pressure,0,-1,-1
1321,40,pressure,1,0,1
1322,40,pressure,2,0,0
1323,40,pressure,3,-2,1
1324,40,pressure,4,2,2
1325,40,pressure,5,2,2
1326,40,pressure,6,-1,-1
1327,40,pressure,7,-2,-2
1328,40,pressure,8,2,2
1329,40,pressure,9,0,0
1330,40,pressure,10,-1,-1
1331,40,pressure,11,2,2
1332,40,pressure,12,-2,-1
1333,40,pressure,13,1,1
1334,40,pressure,14,-2,-1
1335,40,pressure,15,1,1
1336,40,pressure,16,2,2
1337,40,pressure,17,1,1
1338,40,pressure,18,-1,-1
1339,40,pressure,19,1,1
1340,40,pressure,20,-1,1
1341,40,pressure,21,0,0
1342,40,pressure,22,0,0
1343,40,pressure,23,1,1
1344,40,pressure,24,0,0
1345,40,pressure,25,-1,0
1346,40,pressure,26,2,2
1347,40,pressure,27,-1,-1
1348,40,pressure,28,2,2
1349,40,pressure,29,0,0
1350,40,pressure,30,0,0
1351,40,pressure,31,0,0
1352,40,pressure,32,0,0
1353,41,pressure,0,-1,-1
1354,41,pressure,1,0,1
1355,41,pressure,2,0,0
1356,41,pressure,3,-2,1
1357,41,pressure,4,2,2
1358,41,pressure,5,2,2
1359,41,pressure,6,-1,-1
1360,41,pressure,7,-2,-2
1361,41,pressure,8,2,2
1362,41,pressure,9,0,0
1363,41,pressure,10,-1,-1
1364,41,pressure,11,2,2
1365,41,pressure,12,-2,-1
1366,41,pressure,13,1,1
1367,41,pressure,14,-2,-1
1368,41,pressure,15,1,1
1369,41,pressure,16,2,2
1370,41,pressure,17,0,1
1371,41,pressure,18,-1,-1
1372,41,pressure,19,1,1
1373,41,pressure,20,1,1
1374,41,pressure,21,0,0
1375,41,pressure,22,0,0
1376,41,pressure,23,1,1
1377,41,pressure,24,0,0
1378,41,pressure,25,-1,0
1379,41,pressure,26,2,2
1380,41,pressure,27,-1,-1
1381,41,pressure,28,2,2
1382,41,pressure,29,0,0
1383,41,pressure,30,-2,0
1384,41,pressure,31,0,0
1385,41,pressure,32,0,0
1386,42,pressure,0,-2,-1
1387,42,pressure,1,0,1
1388,42,pressure,2,0,0
1389,42,pressure,3,-2,1
1390,42,pressure,4,2,2
1391,42,pressure,5,2,2
1392,42,pressure,6,-1,-1
1393,42,pressure,7,-2,-2
1394,42,pressure,8,2,2
1395,42,pressure,9,0,0
1396,42,pressure,10,-1,-1
1397,42,pressure,11,2,2
1398,42,pressure,12,-2,-1
1399,42,pressure,13,1,1
1400,42,pressure,14,-1,-1
1401,42,pressure,15,1,1
1402,42,pressure,16,2,2
1403,42,pressure,17,1,1
1404,42,pressure,18,-1,-1
1405,42,pressure,19,1,1
1406,42,pressure,20,1,1
1407,42,pressure,21,0,0
1408,42,pressure,22,0,0
1409,42,pressure,23,1,1
1410,42,pressure,24,0,0
1411,42,pressure,25,0,0
1412,42,pressure,26,2,2
1413,42,pressure,27,-1,-1
1414,42,pressure,28,2,2
1415,42,pressure,29,0,0
1416,42,pressure,30,0,0
1417,42,pressure,31,0,0
1418,42,pressure,32,0,0
1419,43,pressure,0,-1,-1
1420,43,pressure,1,0,1
1421,43,pressure,2,0,0
1422,43,pressure,3,-2,1
1423,43,pressure,4,2,2
1424,43,pressure,5,2,2
1425,43,pressure,6,-1,-1
1426,43,pressure,7,-2,-2
1427,43,pressure,8,2,2
1428,43,pressure,9,0,0
1429,43,pressure,10,-1,-1
1430,43,pressure,11,2,2
1431,43,pressure,12,-1,-1
1432,43,pressure,13,1,1
1433,43,pressure,14,-1,-1
1434,43,pressure,15,1,1
1435,43,pressure,16,2,2
1436,43,pressure,17,1,1
1437,43,pressure,18,-1,-1
1438,43,pressure,19,1,1
1439,43,pressure,20,1,1
1440,43,pressure,21,0,0
1441,43,pressure,22,0,0
1442,43,pressure,23,1,1
1443,43,pressure,24,0,0
1444,43,pressure,25,-1,0
1445,43,pressure,26,2,2
1446,43,pressure,27,-1,-1
1447,43,pressure,28,2,2
1448,43,pressure,29,-1,0
1449,43,pressure,30,0,0
1450,43,pressure,31,0,0
1451,43,pressure,32,0,0
1452,44,pressure,0,-1,-1
1453,44,pressure,1,0,1
1454,44,pressure,2,0,0
1455,44,pressure,3,-2,1
1456,44,pressure,4,2,2
1457,44,pressure,5,2,2
1458,44,pressure,6,-1,-1
1459,44,pressure,7,-2,-2
1460,44,pressure,8,2,2
1461,44,pressure,9,0,0
1462,44,pressure,10,-1,-1
1463,44,pressure,11,2,2
1464,44,pressure,12,-2,-1
1465,44,pressure,13,1,1
1466,44,pressure,14,-2,-1
1467,44,pressure,15,1,1
1468,44,pressure,16,2,2
1469,44,pressure,17,1,1
1470,44,pressure,18,-1,-1
1471,44,pressure,19,1,1
1472,44,pressure,20,1,1
1473,44,pressure,21,0,0
1474,44,pressure,22,0,0
1475,44,pressure,23,1,1
1476,44,pressure,24,0,0
1477,44,pressure,25,0,0
1478,44,pressure,26,2,2
1479,44,pressure,27,-1,-1
1480,44,pressure,28,2,2
1481,44,pressure,29,0,0
1482,44,pressure,30,0,0
1483,44,pressure,31,0,0
1484,44,pressure,32,0,0
1485,45,pressure,0,-1,-1
1486,45,pressure,1,0,1
1487,45,pressure,2,0,0
1488,45,pressure,3,-2,1
1489,45,pressure,4,2,2
1490,45,pressure,5,2,2
1491,45,pressure,6,-1,-1
1492,45,pressure,7,-2,-2
1493,45,pressure,8,2,2
1494,45,pressure,9,0,0
1495,45,pressure,10,-1,-1
1496,45,pressure,11,2,2
1497,45,pressure,12,-2,-1
1498,45,pressure,13,1,1
1499,45,pressure,14,-2,-1
1500,45,pressure,15,1,1
1501,45,pressure,16,2,2
1502,45,pressure,17,1,1
1503,45,pressure,18,-1,-1
1504,45,pressure,19,1,1
1505,45,pressure,20,1,1
1506,45,pressure,21,0,0
1507,45,pressure,22,0,0
1508,45,pressure,23,1,1
1509,45,pressure,24,-2,0
1510,45,pressure,25,0,0
1511,45,pressure,26,2,2
1512,45,pressure,27,-1,-1
1513,45,pressure,28,2,2
1514,45,pressure,29,0,0
1515,45,pressure,30,0,0
1516,45,pressure,31,0,0
1517,45,pressure,32,0,0
1518,46,pressure,0,-1,-1
1519,46,pressure,1,0,1
1520,46,pressure,2,0,0
1521,46,pressure,3,-2,1
1522,46,pressure,4,2,2
1523,46,pressure,5,2,2
1524,46,pressure,6,-1,-1
1525,46,pressure,7,-2,-2
1526,46,pressure,8,2,2
1527,46,pressure,9,0,0
1528,46,pressure,10,-1,-1
1529,46,pressure,11,2,2
1530,46,pressure,12,-2,-1
1531,46,pressure,13,1,1
1532,46,pressure,14,-1,-1
1533,46,pressure,15,1,1
1534,46,pressure,16,2,2
1535,46,pressure,17,1,1
1536,46,pressure,18,-1,-1
1537,46,pressure,19,1,1
1538,46,pressure,20,1,1
1539,46,pressure,21,0,0
1540,46,pressure,22,0,0
1541,46,pressure,23,1,1
1542,46,pressure,24,0,0
1543,46,pressure,25,-1,0
1544,46,pressure,26,2,2
1545,46,pressure,27,-1,-1
1546,46,pressure,28,2,2
1547,46,pressure,29,0,0
1548,46,pressure,30,0,0
1549,46,pressure,31,0,0
1550,46,pressure,32,0,0
1551,47,pressure,0,-1,-1
1552,47,pressure,1,0,1
1553,47,pressure,2,0,0
1554,47,pressure,3,-2,1
1555,47,pressure,4,2,2
1556,47,pressure,5,2,2
1557,47,pressure,6,-1,-1
1558,47,pressure,7,-2,-2
1559,47,pressure,8,2,2
1560,47,pressure,9,0,0
1561,47,pressure,10,-1,-1
1562,47,pressure,11,2,2
1563,47,pressure,12,-2,-1
1564,47,pressure,13,1,1
1565,47,pressure,14,-2,-1
1566,47,pressure,15,1,1
1567,47,pressure,16,2,2
1568,47,pressure,17,1,1
1569,47,pressure,18,-1,-1
1570,47,pressure,19,1,1
1571,47,pressure,20,1,1
1572,47,pressure,21,0,0
1573,47,pressure,22,0,0
1574,47,pressure,23,1,1
1575,47,pressure,24,0,0
1576,47,pressure,25,-1,0
1577,47,pressure,26,2,2
1578,47,pressure,27,-1,-1
1579,47,pressure,28,2,2
1580,47,pressure,29,0,0
1581,47,pressure,30,0,0
1582,47,pressure,31,0,0
1583,47,pressure,32,0,0
1584,48,pressure,0,-1,-1
1585,48,pressure,1,0,1
1586,48,pressure,2,0,0
1587,48,pressure,3,1,1
1588,48,pressure,4,2,2
1589,48,pressure,5,2,2
1590,48,pressure,6,-1,-1
1591,48,pressure,7,-2,-2
1592,48,pressure,8,0,2
1593,48,pressure,9,0,0
1594,48,pressure,10,-1,-1
1595,48,pressure,11,2,2
1596,48,pressure,12,-2,-1
1597,48,pressure,13,1,1
1598,48,pressure,14,-1,-1
1599,48,pressure,15,1,1
1600,48,pressure,16,2,2
1601,48,pressure,17,0,1
1602,48,pressure,18,-1,-1
1603,48,pressure,19,1,1
1604,48,pressure,20,1,1
1605,48,pressure,21,0,0
1606,48,pressure,22,0,0
1607,48,pressure,23,1,1
1608,48,pressure,24,0,0
1609,48,pressure,25,-1,0
1610,48,pressure,26,2,2
1611,48,pressure,27,-1,-1
1612,48,pressure,28,2,2
1613,48,pressure,29,0,0
1614,48,pressure,30,0,0
1615,48,pressure,31,0,0
1616,48,pressure,32,0,0
1617,49,pressure,0,-1,-1
1618,49,pressure,1,0,1
1619,49,pressure,2,0,0
1620,49,pressure,3,-2,1
1621,49,pressure,4,2,2
1622,49,pressure,5,2,2
1623,49,pressure,6,-1,-1
1624,49,pressure,7,-2,-2
1625,49,pressure,8,0,2
1626,49,pressure,9,0,0
1627,49,pressure,10,-1,-1
1628,49,pressure,11,2,2
1629,49,pressure,12,-2,-1
1630,49,pressure,13,1,1
1631,49,pressure,14,-1,-1
1632,49,pressure,15,1,1
1633,49,pressure,16,2,2
1634,49,pressure,17,1,1
1635,49,pressure,18,-1,-1
1636,49,pressure,19,1,1
1637,49,pressure,20,1,1
1638,49,pressure,21,0,0
1639,49,pressure,22,0,0
1640,49,pressure,23,1,1
1641,49,pressure,24,0,0
1642,49,pressure,25,0,0
1643,49,pressure,26,2,2
1644,49,pressure,27,-1,-1
1645,49,pressure,28,2,2
1646,49,pressure,29,0,0
1647,49,pressure,30,0,0
1648,49,pressure,31,0,0
1649,49,pressure,32,0,0
1650,0,delay,0,-1,-1
1651,0,delay,1,1,1
1652,0,delay,2,0,0
1653,0,delay,3,1,1
1654,0,delay,4,2,2
1655,0,delay,5,2,2
1656,0,delay,6,-1,-1
1657,0,delay,7,-2,-2
1658,0,delay,8,2,2
1659,0,delay,9,0,0
1660,0,delay,10,-1,-1
1661,0,delay,11,2,2
1662,0,delay,12,-2,-1
1663,0,delay,13,1,1
1664,0,delay,14,-1,-1
1665,0,delay,15,1,1
1666,0,delay,16,2,2
1667,0,delay,17,1,1
1668,0,delay,18,-1,-1
1669,0,delay,19,1,1
1670,0,delay,20,1,1
1671,0,delay,21,0,0
1672,0,delay,22,0,0
1673,0,delay,23,1,1
1674,0,delay,24,-2,0
1675,0,delay,25,0,0
1676,0,delay,26,2,2
1677,0,delay,27,-1,-1
1678,0,delay,28,2,2
1679,0,delay,29,0,0
1680,0,delay,30,0,0
1681,0,delay,31,0,0
1682,0,delay,32,0,0
1683,1,delay,0,-1,-1
1684,1,delay,1,0,1
1685,1,delay,2,0,0
1686,1,delay,3,1,1
1687,1,delay,4,2,2
1688,1,delay,5,2,2
1689,1,delay,6,-1,-1
1690,1,delay,7,-2,-2
1691,1,delay,8,2,2
1692,1,delay,9,0,0
1693,1,delay,10,-1,-1
1694,1,delay,11,2,2
1695,1,delay,12,-2,-1
1696,1,delay,13,1,1
1697,1,delay,14,-1,-1
1698,1,delay,15,1,1
1699,1,delay,16,2,2
1700,1,delay,17,1,1
1701,1,delay,18,-1,-1
1702,1,delay,19,1,1
1703,1,delay,20,1,1
1704,1,delay,21,0,0
1705,1,delay,22,0,0
1706,1,delay,23,1,1
1707,1,delay,24,0,0
1708,1,delay,25,0,0
1709,1,delay,26,2,2
1710,1,delay,27,-1,-1
1711,1,delay,28,2,2
1712,1,delay,29,0,0
1713,1,delay,30,0,0
1714,1,delay,31,0,0
1715,1,delay,32,0,0
1716,2,delay,0,-1,-1
1717,2,delay,1,0,1
1718,2,delay,2,0,0
1719,2,delay,3,1,1
1720,2,delay,4,2,2
1721,2,delay,5,2,2
1722,2,delay,6,-1,-1
1723,2,delay,7,-2,-2
1724,2,delay,8,2,2
1725,2,delay,9,0,0
1726,2,delay,10,-1,-1
1727,2,delay,11,2,2
1728,2,delay,12,-2,-1
1729,2,delay,13,1,1
1730,2,delay,14,-1,-1
1731,2,delay,15,1,1
1732,2,delay,16,2,2
1733,2,delay,17,1,1
1734,2,delay,18,-1,-1
1735,2,delay,19,1,1
1736,2,delay,20,1,1
1737,2,delay,21,0,0
1738,2,delay,22,0,0
1739,2,delay,23,1,1
1740,2,delay,24,-2,0
1741,2,delay,25,-1,0
1742,2,delay,26,2,2
1743,2,delay,27,-1,-1
1744,2,delay,28,2,2
1745,2,delay,29,0,0
1746,2,delay,30,0,0
1747,2,delay,31,0,0
1748,2,delay,32,0,0
1749,3,delay,0,-1,-1
1750,3,delay,1,1,1
1751,3,delay,2,0,0
1752,3,delay,3,1,1
1753,3,delay,4,2,2
1754,3,delay,5,2,2
1755,3,delay,6,-1,-1
1756,3,delay,7,-2,-2
1757,3,delay,8,2,2
1758,3,delay,9,0,0
1759,3,delay,10,-1,-1
1760,3,delay,11,2,2
1761,3,delay,12,-2,-1
1762,3,delay,13,1,1
1763,3,delay,14,-1,-1
1764,3,delay,15,1,1
1765,3,delay,16,2,2
1766,3,delay,17,1,1
1767,3,delay,18,-1,-1
1768,3,delay,19,1,1
1769,3,delay,20,1,1
1770,3,delay,21,0,0
1771,3,delay,22,0,0
1772,3,delay,23,1,1
1773,3,delay,24,0,0
1774,3,delay,25,0,0
1775,3,delay,26,2,2
1776,3,delay,27,-1,-1
1777,3,delay,28,2,2
1778,3,delay,29,0,0
1779,3,delay,30,0,0
1780,3,delay,31,0,0
1781,3,delay,32,0,0
1782,4,delay,0,-1,-1
1783,4,delay,1,0,1
1784,4,delay,2,0,0
1785,4,delay,3,1,1
1786,4,delay,4,2,2
1787,4,delay,5,2,2
1788,4,delay,6,-1,-1
1789,4,delay,7,-2,-2
1790,4,delay,8,2,2
1791,4,delay,9,0,0
1792,4,delay,10,-1,-1
1793,4,delay,11,2,2
1794,4,delay,12,-2,-1
1795,4,delay,13,1,1
1796,4,delay,14,-1,-1
1797,4,delay,15,1,1
1798,4,delay,16,2,2
1799,4,delay,17,1,1
1800,4,delay,18,-1,-1
1801,4,delay,19,1,1
1802,4,delay,20,1,1
1803,4,delay,21,0,0
1804,4,delay,22,0,0
1805,4,delay,23,1,1
1806,4,delay,24,0,0
1807,4,delay,25,-1,0
1808,4,delay,26,2,2
1809,4,delay,27,-1,-1
1810,4,delay,28,2,2
1811,4,delay,29,0,0
1812,4,delay,30,-2,0
1813,4,delay,31,0,0
1814,4,delay,32,0,0
1815,5,delay,0,-1,-1
1816,5,delay,1,0,1
1817,5,delay,2,0,0
1818,5,delay,3,1,1
1819,5,delay,4,2,2
1820,5,delay,5,2,2
1821,5,delay,6,-1,-1
1822,5,delay,7,-2,-2
1823,5,delay,8,2,2
1824,5,delay,9,0,0
1825,5,delay,10,-1,-1
1826,5,delay,11,2,2
1827,5,delay,12,-2,-1
1828,5,delay,13,1,1
1829,5,delay,14,-1,-1
1830,5,delay,15,1,1
1831,5,delay,16,2,2
1832,5,delay,17,1,1
1833,5,delay,18,-1,-1
1834,5,delay,19,1,1
1835,5,delay,20,1,1
1836,5,delay,21,0,0
1837,5,delay,22,0,0
1838,5,delay,23,1,1
1839,5,delay,24,0,0
1840,5,delay,25,0,0
1841,5,delay,26,2,2
1842,5,delay,27,-1,-1
1843,5,delay,28,2,2
1844,5,delay,29,0,0
1845,5,delay,30,0,0
1846,5,delay,31,0,0
1847,5,delay,32,0,0
1848,6,delay,0,-1,-1
1849,6,delay,1,0,1
1850,6,delay,2,0,0
1851,6,delay,3,1,1
1852,6,delay,4,2,2
1853,6,delay,5,2,2
1854,6,delay,6,-1,-1
1855,6,delay,7,-2,-2
1856,6,delay,8,2,2
1857,6,delay,9,0,0
1858,6,delay,10,-1,-1
1859,6,delay,11,2,2
1860,6,delay,12,-2,-1
1861,6,delay,13,1,1
1862,6,delay,14,-1,-1
1863,6,delay,15,1,1
1864,6,delay,16,2,2
1865,6,delay,17,1,1
1866,6,delay,18,-1,-1
1867,6,delay,19,1,1
1868,6,delay,20,1,1
1869,6,delay,21,0,0
1870,6,delay,22,0,0
1871,6,delay,23,1,1
1872,6,delay,24,-2,0
1873,6,delay,25,-1,0
1874,6,delay,26,2,2
1875,6,delay,27,-1,-1
1876,6,delay,28,2,2
1877,6,delay,29,0,0
1878,6,delay,30,0,0
1879,6,delay,31,0,0
1880,6,delay,32,0,0
1881,7,delay,0,-1,-1
1882,7,delay,1,0,1
1883,7,delay,2,0,0
1884,7,delay,3,1,1
1885,7,delay,4,2,2
1886,7,delay,5,2,2
1887,7,delay,6,-1,-1
1888,7,delay,7,-2,-2
1889,7,delay,8,2,2
1890,7,delay,9,0,0
1891,7,delay,10,-1,-1
1892,7,delay,11,2,2
1893,7,delay,12,-1,-1
1894,7,delay,13,1,1
1895,7,delay,14,-1,-1
1896,7,delay,15,1,1
1897,7,delay,16,2,2
1898,7,delay,17,1,1
1899,7,delay,18,-1,-1
1900,7,delay,19,1,1
1901,7,delay,20,1,1
1902,7,delay,21,0,0
1903,7,delay,22,0,0
1904,7,delay,23,1,1
1905,7,delay,24,0,0
1906,7,delay,25,-1,0
1907,7,delay,26,2,2
1908,7,delay,27,-1,-1
1909,7,delay,28,2,2
1910,7,delay,29,0,0
1911,7,delay,30,0,0
1912,7,delay,31,0,0
1913,7,delay,32,0,0
1914,8,delay,0,-1,-1
1915,8,delay,1,1,1
1916,8,delay,2,0,0
1917,8,delay,3,1,1
1918,8,delay,4,2,2
1919,8,delay,5,2,2
1920,8,delay,6,-1,-1
1921,8,delay,7,-2,-2
1922,8,delay,8,2,2
1923,8,delay,9,0,0
1924,8,delay,10,-1,-1
1925,8,delay,11,2,2
1926,8,delay,12,-2,-1
1927,8,delay,13,1,1
1928,8,delay,14,-1,-1
1929,8,delay,15,1,1
1930,8,delay,16,2,2
1931,8,delay,17,1,1
1932,8,delay,18,-1,-1
1933,8,delay,19,1,1
1934,8,delay,20,1,1
1935,8,delay,21,0,0
1936,8,delay,22,0,0
1937,8,delay,23,1,1
1938,8,delay,24,0,0
1939,8,delay,25,-1,0
1940,8,delay,26,2,2
1941,8,delay,27,-1,-1
1942,8,delay,28,2,2
1943,8,delay,29,0,0
1944,8,delay,30,0,0
1945,8,delay,31,0,0
1946,8,delay,32,0,0
1947,9,delay,0,-1,-1
1948,9,delay,1,0,1
1949,9,delay,2,0,0
1950,9,delay,3,1,1
1951,9,delay,4,2,2
1952,9,delay,5,2,2
1953,9,delay,6,-1,-1
1954,9,delay,7,-2,-2
1955,9,delay,8,2,2
1956,9,delay,9,0,0
1957,9,delay,10,-1,-1
1958,9,delay,11,2,2
1959,9,delay,12,-1,-1
1960,9,delay,13,1,1
1961,9,delay,14,-1,-1
1962,9,delay,15,1,1
1963,9,delay,16,2,2
1964,9,delay,17,1,1
1965,9,delay,18,-1,-1
1966,9,delay,19,1,1
1967,9,delay,20,1,1
1968,9,delay,21,0,0
1969,9,delay,22,0,0
1970,9,delay,23,1,1
1971,9,delay,24,0,0
1972,9,delay,25,-1,0
1973,9,delay,26,2,2
1974,9,delay,27,-1,-1
1975,9,delay,28,2,2
1976,9,delay,29,0,0
1977,9,delay,30,0,0
1978,9,delay,31,0,0
1979,9,delay,32,0,0
1980,10,delay,0,-1,-1
1981,10,delay,1,0,1
1982,10,delay,2,0,0
1983,10,delay,3,1,1
1984,10,delay,4,2,2
1985,10,delay,5,2,2
1986,10,delay,6,-1,-1
1987,10,delay,7,-2,-2
1988,10,delay,8,2,2
1989,10,delay,9,0,0
1990,10,delay,10,-1,-1
1991,10,delay,11,2,2
1992,10,delay,12,-2,-1
1993,10,delay,13,1,1
1994,10,delay,14,-1,-1
1995,10,delay,15,1,1
1996,10,delay,16,2,2
1997,10,delay,17,1,1
1998,10,delay,18,-1,-1
1999,10,delay,19,1,1
2000,10,delay,20,1,1
2001,10,delay,21,0,0
2002,10,delay,22,0,0
2003,10,delay,23,1,1
2004,10,delay,24,0,0
2005,10,delay,25,-1,0
2006,10,delay,26,2,2
2007,10,delay,27,-1,-1
2008,10,delay,28,2,2
2009,10,delay,29,0,0
2010,10,delay,30,0,0
2011,10,delay,31,0,0
2012,10,delay,32,0,0
2013,11,delay,0,-1,-1
2014,11,delay,1,0,1
2015,11,delay,2,0,0
2016,11,delay,3,1,1
2017,11,delay,4,2,2
2018,11,delay,5,2,2
2019,11,delay,6,-1,-1
2020,11,delay,7,-2,-2
2021,11,delay,8,2,2
2022,11,delay,9,0,0
2023,11,delay,10,-1,-1
2024,11,delay,11,2,2
2025,11,delay,12,-2,-1
2026,11,delay,13,1,1
2027,11,delay,14,-1,-1
2028,11,delay,15,1,1
2029,11,delay,16,2,2
2030,11,delay,17,1,1
2031,11,delay,18,-1,-1
2032,11,delay,19,1,1
2033,11,delay,20,1,1
2034,11,delay,21,0,0
2035,11,delay,22,0,0
2036,11,delay,23,1,1
2037,11,delay,24,0,0
2038,11,delay,25,-1,0
2039,11,delay,26,2,2
2040,11,delay,27,-1,-1
2041,11,delay,28,2,2
2042,11,delay,29,0,0
2043,11,delay,30,0,0
2044,11,delay,31,0,0
2045,11,delay,32,0,0
2046,12,delay,0,-1,-1
2047,12,delay,1,0,1
2048,12,delay,2,0,0
2049,12,delay,3,1,1
2050,12,delay,4,2,2
2051,12,delay,5,2,2
2052,12,delay,6,-1,-1
2053,12,delay,7,-2,-2
2054,12,delay,8,2,2
2055,12,delay,9,0,0
2056,12,delay,10,-1,-1
2057,12,delay,11,2,2
2058,12,delay,12,-2,-1
2059,12,delay,13,1,1
2060,12,delay,14,-1,-1
2061,12,delay,15,1,1
2062,12,delay,16,2,2
2063,12,delay,17,1,1
2064,12,delay,18,-1,-1
2065,12,delay,19,1,1
2066,12,delay,20,1,1
2067,12,delay,21,0,0
2068,12,delay,22,0,0
2069,12,delay,23,1,1
2070,12,delay,24,0,0
2071,12,delay,25,-1,0
2072,12,delay,26,2,2
2073,12,delay,27,-1,-1
2074,12,delay,28,2,2
2075,12,delay,29,0,0
2076,12,delay,30,0,0
2077,12,delay,31,0,0
2078,12,delay,32,0,0
2079,13,delay,0,-1,-1
2080,13,delay,1,0,1
2081,13,delay,2,0,0
2082,13,delay,3,1,1
2083,13,delay,4,2,2
2084,13,delay,5,2,2
2085,13,delay,6,-1,-1
2086,13,delay,7,-2,-2
2087,13,delay,8,2,2
2088,13,delay,9,0,0
2089,13,delay,10,-1,-1
2090,13,delay,11,2,2
2091,13,delay,12,-2,-1
2092,13,delay,13,1,1
2093,13,delay,14,-1,-1
2094,13,delay,15,1,1
2095,13,delay,16,2,2
2096,13,delay,17,1,1
2097,13,delay,18,-1,-1
2098,13,delay,19,1,1
2099,13,delay,20,1,1
2100,13,delay,21,0,0
2101,13,delay,22,0,0
2102,13,delay,23,1,1
2103,13,delay,24,0,0
2104,13,delay,25,0,0
2105,13,delay,26,2,2
2106,13,delay,27,-1,-1
2107,13,delay,28,2,2
2108,13,delay,29,0,0
2109,13,delay,30,0,0
2110,13,delay,31,0,0
2111,13,delay,32,0,0
2112,14,delay,0,-1,-1
2113,14,delay,1,0,1
2114,14,delay,2,0,0
2115,14,delay,3,1,1
2116,14,delay,4,2,2
2117,14,delay,5,2,2
2118,14,delay,6,-1,-1
2119,14,delay,7,-2,-2
2120,14,delay,8,2,2
2121,14,delay,9,0,0
2122,14,delay,10,-1,-1
2123,14,delay,11,2,2
2124,14,delay,12,-1,-1
2125,14,delay,13,1,1
2126,14,delay,14,-1,-1
2127,14,delay,15,1,1
2128,14,delay,16,2,2
2129,14,delay,17,1,1
2130,14,delay,18,-1,-1
2131,14,delay,19,1,1
2132,14,delay,20,1,1
2133,14,delay,21,0,0
2134,14,delay,22,0,0
2135,14,delay,23,1,1
2136,14,delay,24,0,0
2137,14,delay,25,0,0
2138,14,delay,26,2,2
2139,14,delay,27,-1,-1
2140,14,delay,28,2,2
2141,14,delay,29,0,0
2142,14,delay,30,0,0
2143,14,delay,31,0,0
2144,14,delay,32,0,0
2145,15,delay,0,-1,-1
2146,15,delay,1,0,1
2147,15,delay,2,0,0
2148,15,delay,3,1,1
2149,15,delay,4,2,2
2150,15,delay,5,2,2
2151,15,delay,6,-1,-1
2152,15,delay,7,-2,-2
2153,15,delay,8,2,2
2154,15,delay,9,0,0
2155,15,delay,10,-1,-1
2156,15,delay,11,2,2
2157,15,delay,12,-2,-1
2158,15,delay,13,1,1
2159,15,delay,14,-1,-1
2160,15,delay,15,1,1
2161,15,delay,16,2,2
2162,15,delay,17,1,1
2163,15,delay,18,-1,-1
2164,15,delay,19,1,1
2165,15,delay,20,1,1
2166,15,delay,21,0,0
2167,15,delay,22,0,0
2168,15,delay,23,1,1
2169,15,delay,24,0,0
2170,15,delay,25,-1,0
2171,15,delay,26,2,2
2172,15,delay,27,-1,-1
2173,15,delay,28,2,2
2174,15,delay,29,0,0
2175,15,delay,30,0,0
2176,15,delay,31,0,0
2177,15,delay,32,0,0
2178,16,delay,0,-1,-1
2179,16,delay,1,0,1
2180,16,delay,2,0,0
2181,16,delay,3,1,1
2182,16,delay,4,2,2
2183,16,delay,5,2,2
2184,16,delay,6,-1,-1
2185,16,delay,7,-2,-2
2186,16,delay,8,2,2
2187,16,delay,9,0,0
2188,16,delay,10,-1,-1
2189,16,delay,11,2,2
2190,16,delay,12,-2,-1
2191,16,delay,13,1,1
2192,16,delay,14,-1,-1
2193,16,delay,15,1,1
2194,16,delay,16,2,2
2195,16,delay,17,1,1
2196,16,delay,18,-1,-1
2197,16,delay,19,1,1
2198,16,delay,20,1,1
2199,16,delay,21,0,0
2200,16,delay,22,0,0
2201,16,delay,23,1,1
2202,16,delay,24,0,0
2203,16,delay,25,-1,0
2204,16,delay,26,2,2
2205,16,delay,27,-1,-1
2206,16,delay,28,2,2
2207,16,delay,29,0,0
2208,16,delay,30,0,0
2209,16,delay,31,0,0
2210,16,delay,32,0,0
2211,17,delay,0,-1,-1
2212,17,delay,1,0,1
2213,17,delay,2,0,0
2214,17,delay,3,1,1
2215,17,delay,4,2,2
2216,17,delay,5,2,2
2217,17,delay,6,-1,-1
2218,17,delay,7,-2,-2
2219,17,delay,8,2,2
2220,17,delay,9,0,0
2221,17,delay,10,-1,-1
2222,17,delay,11,2,2
2223,17,delay,12,-2,-1
2224,17,delay,13,1,1
2225,17,delay,14,-1,-1
2226,17,delay,15,1,1
2227,17,delay,16,2,2
2228,17,delay,17,1,1
2229,17,delay,18,-1,-1
2230,17,delay,19,1,1
2231,17,delay,20,1,1
2232,17,delay,21,0,0
2233,17,delay,22,0,0
2234,17,delay,23,1,1
2235,17,delay,24,0,0
2236,17,delay,25,0,0
2237,17,delay,26,2,2
2238,17,delay,27,-1,-1
2239,17,delay,28,2,2
2240,17,delay,29,0,0
2241,17,delay,30,0,0
2242,17,delay,31,0,0
2243,17,delay,32,0,0
2244,18,delay,0,-1,-1
2245,18,delay,1,0,1
2246,18,delay,2,0,0
2247,18,delay,3,1,1
2248,18,delay,4,2,2
2249,18,delay,5,2,2
2250,18,delay,6,-1,-1
2251,18,delay,7,-2,-2
2252,18,delay,8,2,2
2253,18,delay,9,0,0
2254,18,delay,10,-1,-1
2255,18,delay,11,2,2
2256,18,delay,12,-2,-1
2257,18,delay,13,1,1
2258,18,delay,14,-1,-1
2259,18,delay,15,1,1
2260,18,delay,16,2,2
2261,18,delay,17,1,1
2262,18,delay,18,-1,-1
2263,18,delay,19,1,1
2264,18,delay,20,1,1
2265,18,delay,21,0,0
2266,18,delay,22,0,0
2267,18,delay,23,1,1
2268,18,delay,24,0,0
2269,18,delay,25,0,0
2270,18,delay,26,2,2
2271,18,delay,27,-1,-1
2272,18,delay,28,2,2
2273,18,delay,29,0,0
2274,18,delay,30,0,0
2275,18,delay,31,0,0
2276,18,delay,32,0,0
2277,19,delay,0,-1,-1
2278,19,delay,1,0,1
2279,19,delay,2,0,0
2280,19,delay,3,1,1
2281,19,delay,4,2,2
2282,19,delay,5,2,2
2283,19,delay,6,-1,-1
2284,19,delay,7,-2,-2
2285,19,delay,8,2,2
2286,19,delay,9,0,0
2287,19,delay,10,-1,-1
2288,19,delay,11,2,2
2289,19,delay,12,-1,-1
2290,19,delay,13,1,1
2291,19,delay,14,-1,-1
2292,19,delay,15,1,1
2293,19,delay,16,2,2
2294,19,delay,17,1,1
2295,19,delay,18,-1,-1
2296,19,delay,19,1,1
2297,19,delay,20,1,1
2298,19,delay,21,0,0
2299,19,delay,22,0,0
2300,19,delay,23,1,1
2301,19,delay,24,0,0
2302,19,delay,25,-1,0
2303,19,delay,26,2,2
2304,19,delay,27,-1,-1
2305,19,delay,28,2,2
2306,19,delay,29,0,0
2307,19,delay,30,0,0
2308,19,delay,31,0,0
2309,19,delay,32,0,0
2310,20,delay,0,-1,-1
2311,20,delay,1,0,1
2312,20,delay,2,0,0
2313,20,delay,3,1,1
2314,20,delay,4,2,2
2315,20,delay,5,2,2
2316,20,delay,6,-1,-1
2317,20,delay,7,-2,-2
2318,20,delay,8,2,2
2319,20,delay,9,0,0
2320,20,delay,10,-1,-1
2321,20,delay,11,2,2
2322,20,delay,12,-2,-1
2323,20,delay,13,1,1
2324,20,delay,14,-1,-1
2325,20,delay,15,1,1
2326,20,delay,16,2,2
2327,20,delay,17,1,1
2328,20,delay,18,-1,-1
2329,20,delay,19,1,1
2330,20,delay,20,1,1
2331,20,delay,21,0,0
2332,20,delay,22,0,0
2333,20,delay,23,1,1
2334,20,delay,24,-2,0
2335,20,delay,25,0,0
2336,20,delay,26,2,2
2337,20,delay,27,-1,-1
2338,20,delay,28,2,2
2339,20,delay,29,0,0
2340,20,delay,30,0,0
2341,20,delay,31,0,0
2342,20,delay,32,0,0
2343,21,delay,0,-1,-1
2344,21,delay,1,0,1
2345,21,delay,2,0,0
2346,21,delay,3,1,1
2347,21,delay,4,2,2
2348,21,delay,5,2,2
2349,21,delay,6,-1,-1
2350,21,delay,7,-2,-2
2351,21,delay,8,2,2
2352,21,delay,9,0,0
2353,21,delay,10,-1,-1
2354,21,delay,11,2,2
2355,21,delay,12,-1,-1
2356,21,delay,13,1,1
2357,21,delay,14,-1,-1
2358,21,delay,15,1,1
2359,21,delay,16,2,2
2360,21,delay,17,1,1
2361,21,delay,18,-1,-1
2362,21,delay,19,1,1
2363,21,delay,20,1,1
2364,21,delay,21,0,0
2365,21,delay,22,0,0
2366,21,delay,23,1,1
2367,21,delay,24,0,0
2368,21,delay,25,-1,0
2369,21,delay,26,2,2
2370,21,delay,27,-1,-1
2371,21,delay,28,2,2
2372,21,delay,29,0,0
2373,21,delay,30,0,0
2374,21,delay,31,0,0
2375,21,delay,32,0,0
2376,22,delay,0,-1,-1
2377,22,delay,1,0,1
2378,22,delay,2,0,0
2379,22,delay,3,1,1
2380,22,delay,4,2,2
2381,22,delay,5,2,2
2382,22,delay,6,-1,-1
2383,22,delay,7,-2,-2
2384,22,delay,8,2,2
2385,22,delay,9,0,0
2386,22,delay,10,-1,-1
2387,22,delay,11,2,2
2388,22,delay,12,-2,-1
2389,22,delay,13,1,1
2390,22,delay,14,-1,-1
2391,22,delay,15,1,1
2392,22,delay,16,2,2
2393,22,delay,17,1,1
2394,22,delay,18,-1,-1
2395,22,delay,19,1,1
2396,22,delay,20,1,1
2397,22,delay,21,0,0
2398,22,delay,22,0,0
2399,22,delay,23,1,1
2400,22,delay,24,0,0
2401,22,delay,25,0,0
2402,22,delay,26,2,2
2403,22,delay,27,-1,-1
2404,22,delay,28,2,2
2405,22,delay,29,0,0
2406,22,delay,30,-2,0
2407,22,delay,31,0,0
2408,22,delay,32,0,0
2409,23,delay,0,-1,-1
2410,23,delay,1,0,1
2411,23,delay,2,0,0
2412,23,delay,3,1,1
2413,23,delay,4,2,2
2414,23,delay,5,2,2
2415,23,delay,6,-1,-1
2416,23,delay,7,-2,-2
2417,23,delay,8,0,2
2418,23,delay,9,0,0
2419,23,delay,10,-1,-1
2420,23,delay,11,2,2
2421,23,delay,12,-2,-1
2422,23,delay,13,1,1
2423,23,delay,14,-1,-1
2424,23,delay,15,1,1
2425,23,delay,16,2,2
2426,23,delay,17,1,1
2427,23,delay,18,-1,-1
2428,23,delay,19,1,1
2429,23,delay,20,1,1
2430,23,delay,21,0,0
2431,23,delay,22,0,0
2432,23,delay,23,1,1
2433,23,delay,24,0,0
2434,23,delay,25,-1,0
2435,23,delay,26,2,2
2436,23,delay,27,-1,-1
2437,23,delay,28,2,2
2438,23,delay,29,0,0
2439,23,delay,30,0,0
2440,23,delay,31,0,0
2441,23,delay,32,0,0
2442,24,delay,0,-1,-1
2443,24,delay,1,0,1
2444,24,delay,2,0,0
2445,24,delay,3,1,1
2446,24,delay,4,2,2
2447,24,delay,5,2,2
2448,24,delay,6,-1,-1
2449,24,delay,7,-2,-2
2450,24,delay,8,2,2
2451,24,delay,9,0,0
2452,24,delay,10,-1,-1
2453,24,delay,11,2,2
2454,24,delay,12,-1,-1
2455,24,delay,13,1,1
2456,24,delay,14,-1,-1
2457,24,delay,15,1,1
2458,24,delay,16,2,2
2459,24,delay,17,1,1
2460,24,delay,18,-1,-1
2461,24,delay,19,1,1
2462,24,delay,20,1,1
2463,24,delay,21,0,0
2464,24,delay,22,0,0
2465,24,delay,23,1,1
2466,24,delay,24,0,0
2467,24,delay,25,0,0
2468,24,delay,26,2,2
2469,24,delay,27,-1,-1
2470,24,delay,28,2,2
2471,24,delay,29,0,0
2472,24,delay,30,0,0
2473,24,delay,31,0,0
2474,24,delay,32,0,0
2475,25,delay,0,-1,-1
2476,25,delay,1,0,1
2477,25,delay,2,0,0
2478,25,delay,3,1,1
2479,25,delay,4,2,2
2480,25,delay,5,2,2
2481,25,delay,6,-1,-1
2482,25,delay,7,-2,-2
2483,25,delay,8,2,2
2484,25,delay,9,0,0
2485,25,delay,10,-1,-1
2486,25,delay,11,2,2
2487,25,delay,12,-1,-1
2488,25,delay,13,1,1
2489,25,delay,14,-1,-1
2490,25,delay,15,1,1
2491,25,delay,16,2,2
2492,25,delay,17,1,1
2493,25,delay,18,-1,-1
2494,25,delay,19,1,1
2495,25,delay,20,1,1
2496,25,delay,21,0,0
2497,25,delay,22,0,0
2498,25,delay,23,1,1
2499,25,delay,24,0,0
2500,25,delay,25,0,0
2501,25,delay,26,2,2
2502,25,delay,27,-1,-1
2503,25,delay,28,2,2
2504,25,delay,29,0,0
2505,25,delay,30,0,0
2506,25,delay,31,0,0
2507,25,delay,32,0,0
2508,26,delay,0,-1,-1
2509,26,delay,1,0,1
2510,26,delay,2,0,0
2511,26,delay,3,1,1
2512,26,delay,4,2,2
2513,26,delay,5,2,2
2514,26,delay,6,-1,-1
2515,26,delay,7,-2,-2
2516,26,delay,8,2,2
2517,26,delay,9,0,0
2518,26,delay,10,-1,-1
2519,26,delay,11,2,2
2520,26,delay,12,-2,-1
2521,26,delay,13,1,1
2522,26,delay,14,-1,-1
2523,26,delay,15,1,1
2524,26,delay,16,2,2
2525,26,delay,17,1,1
2526,26,delay,18,-1,-1
2527,26,delay,19,1,1
2528,26,delay,20,1,1
2529,26,delay,21,0,0
2530,26,delay,22,0,0
2531,26,delay,23,1,1
2532,26,delay,24,0,0
2533,26,delay,25,0,0
2534,26,delay,26,2,2
2535,26,delay,27,-1,-1
2536,26,delay,28,2,2
2537,26,delay,29,0,0
2538,26,delay,30,0,0
2539,26,delay,31,0,0
2540,26,delay,32,0,0
2541,27,delay,0,-1,-1
2542,27,delay,1,0,1
2543,27,delay,2,0,0
2544,27,delay,3,1,1
2545,27,delay,4,2,2
2546,27,delay,5,2,2
2547,27,delay,6,-1,-1
2548,27,delay,7,-2,-2
2549,27,delay,8,2,2
2550,27,delay,9,0,0
2551,27,delay,10,-1,-1
2552,27,delay,11,2,2
2553,27,delay,12,-2,-1
2554,27,delay,13,1,1
2555,27,delay,14,-1,-1
2556,27,delay,15,1,1
2557,27,delay,16,2,2
2558,27,delay,17,1,1
2559,27,delay,18,-1,-1
2560,27,delay,19,1,1
2561,27,delay,20,1,1
2562,27,delay,21,0,0
2563,27,delay,22,0,0
2564,27,delay,23,1,1
2565,27,delay,24,0,0
2566,27,delay,25,-1,0
2567,27,delay,26,2,2
2568,27,delay,27,-1,-1
2569,27,delay,28,2,2
2570,27,delay,29,0,0
2571,27,delay,30,0,0
2572,27,delay,31,0,0
2573,27,delay,32,0,0
2574,28,delay,0,-1,-1
2575,28,delay,1,0,1
2576,28,delay,2,0,0
2577,28,delay,3,1,1
2578,28,delay,4,2,2
2579,28,delay,5,2,2
2580,28,delay,6,-1,-1
2581,28,delay,7,-2,-2
2582,28,delay,8,2,2
2583,28,delay,9,0,0
2584,28,delay,10,-1,-1
2585,28,delay,11,2,2
2586,28,delay,12,-2,-1
2587,28,delay,13,1,1
2588,28,delay,14,-1,-1
2589,28,delay,15,1,1
2590,28,delay,16,2,2
2591,28,delay,17,1,1
2592,28,delay,18,-1,-1
2593,28,delay,19,1,1
2594,28,delay,20,1,1
2595,28,delay,21,0,0
2596,28,delay,22,0,0
2597,28,delay,23,1,1
2598,28,delay,24,0,0
2599,28,delay,25,-1,0
2600,28,delay,26,2,2
2601,28,delay,27,-1,-1
2602,28,delay,28,2,2
2603,28,delay,29,0,0
2604,28,delay,30,0,0
2605,28,delay,31,0,0
2606,28,delay,32,0,0
2607,29,delay,0,-1,-1
2608,29,delay,1,0,1
2609,29,delay,2,0,0
2610,29,delay,3,1,1
2611,29,delay,4,2,2
2612,29,delay,5,2,2
2613,29,delay,6,-1,-1
2614,29,delay,7,-2,-2
2615,29,delay,8,2,2
2616,29,delay,9,0,0
2617,29,delay,10,-1,-1
2618,29,delay,11,2,2
2619,29,delay,12,-1,-1
2620,29,delay,13,1,1
2621,29,delay,14,-1,-1
2622,29,delay,15,1,1
2623,29,delay,16,2,2
2624,29,delay,17,1,1
2625,29,delay,18,-1,-1
2626,29,delay,19,1,1
2627,29,delay,20,1,1
2628,29,delay,21,0,0
2629,29,delay,22,0,0
2630,29,delay,23,1,1
2631,29,delay,24,0,0
2632,29,delay,25,0,0
2633,29,delay,26,2,2
2634,29,delay,27,-1,-1
2635,29,delay,28,2,2
2636,29,delay,29,0,0
2637,29,delay,30,0,0
2638,29,delay,31,0,0
2639,29,delay,32,0,0
2640,30,delay,0,-1,-1
2641,30,delay,1,1,1
2642,30,delay,2,0,0
2643,30,delay,3,1,1
2644,30,delay,4,2,2
2645,30,delay,5,2,2
2646,30,delay,6,-1,-1
2647,30,delay,7,-2,-2
2648,30,delay,8,2,2
2649,30,delay,9,0,0
2650,30,delay,10,-1,-1
2651,30,delay,11,2,2
2652,30,delay,12,-2,-1
2653,30,delay,13,1,1
2654,30,delay,14,-1,-1
2655,30,delay,15,1,1
2656,30,delay,16,2,2
2657,30,delay,17,1,1
2658,30,delay,18,-1,-1
2659,30,delay,19,1,1
2660,30,delay,20,1,1
2661,30,delay,21,0,0
2662,30,delay,22,0,0
2663,30,delay,23,1,1
2664,30,delay,24,-2,0
2665,30,delay,25,-1,0
2666,30,delay,26,2,2
2667,30,delay,27,-1,-1
2668,30,delay,28,2,2
2669,30,delay,29,0,0
2670,30,delay,30,0,0
2671,30,delay,31,0,0
2672,30,delay,32,0,0
2673,31,delay,0,-1,-1
2674,31,delay,1,0,1
2675,31,delay,2,0,0
2676,31,delay,3,-2,1
2677,31,delay,4,2,2
2678,31,delay,5,2,2
2679,31,delay,6,-1,-1
2680,31,delay,7,-2,-2
2681,31,delay,8,2,2
2682,31,delay,9,0,0
2683,31,delay,10,-1,-1
2684,31,delay,11,2,2
2685,31,delay,12,-1,-1
2686,31,delay,13,1,1
2687,31,delay,14,-1,-1
2688,31,delay,15,1,1
2689,31,delay,16,2,2
2690,31,delay,17,1,1
2691,31,delay,18,-1,-1
2692,31,delay,19,1,1
2693,31,delay,20,1,1
2694,31,delay,21,0,0
2695,31,delay,22,0,0
2696,31,delay,23,1,1
2697,31,delay,24,0,0
2698,31,delay,25,-1,0
2699,31,delay,26,2,2
2700,31,delay,27,-1,-1
2701,31,delay,28,2,2
2702,31,delay,29,0,0
2703,31,delay,30,0,0
2704,31,delay,31,0,0
2705,31,delay,32,0,0
2706,32,delay,0,-1,-1
2707,32,delay,1,0,1
2708,32,delay,2,0,0
2709,32,delay,3,1,1
2710,32,delay,4,2,2
2711,32,delay,5,2,2
2712,32,delay,6,-1,-1
2713,32,delay,7,-2,-2
2714,32,delay,8,2,2
2715,32,delay,9,0,0
2716,32,delay,10,-1,-1
2717,32,delay,11,2,2
2718,32,delay,12,-1,-1
2719,32,delay,13,1,1
2720,32,delay,14,-1,-1
2721,32,delay,15,1,1
2722,32,delay,16,2,2
2723,32,delay,17,1,1
2724,32,delay,18,-1,-1
2725,32,delay,19,1,1
2726,32,delay,20,1,1
2727,32,delay,21,0,0
2728,32,delay,22,0,0
2729,32,delay,23,1,1
2730,32,delay,24,0,0
2731,32,delay,25,-1,0
2732,32,delay,26,2,2
2733,32,delay,27,-1,-1
2734,32,delay,28,2,2
2735,32,delay,29,0,0
2736,32,delay,30,0,0
2737,32,delay,31,0,0
2738,32,delay,32,0,0
2739,33,delay,0,-1,-1
2740,33,delay,1,0,1
2741,33,delay,2,0,0
2742,33,delay,3,1,1
2743,33,delay,4,2,2
2744,33,delay,5,2,2
2745,33,delay,6,-1,-1
2746,33,delay,7,-2,-2
2747,33,delay,8,2,2
2748,33,delay,9,0,0
2749,33,delay,10,-1,-1
2750,33,delay,11,2,2
2751,33,delay,12,-2,-1
2752,33,delay,13,1,1
2753,33,delay,14,-1,-1
2754,33,delay,15,1,1
2755,33,delay,16,2,2
2756,33,delay,17,1,1
2757,33,delay,18,-1,-1
2758,33,delay,19,1,1
2759,33,delay,20,1,1
2760,33,delay,21,0,0
2761,33,delay,22,0,0
2762,33,delay,23,1,1
2763,33,delay,24,0,0
2764,33,delay,25,-1,0
2765,33,delay,26,2,2
2766,33,delay,27,-1,-1
2767,33,delay,28,2,2
2768,33,delay,29,0,0
2769,33,delay,30,-2,0
2770,33,delay,31,0,0
2771,33,delay,32,0,0
2772,34,delay,0,-1,-1
2773,34,delay,1,0,1
2774,34,delay,2,0,0
2775,34,delay,3,1,1
2776,34,delay,4,2,2
2777,34,delay,5,2,2
2778,34,delay,6,-1,-1
2779,34,delay,7,-2,-2
2780,34,delay,8,2,2
2781,34,delay,9,0,0
2782,34,delay,10,-1,-1
2783,34,delay,11,2,2
2784,34,delay,12,-2,-1
2785,34,delay,13,1,1
2786,34,delay,14,-1,-1
2787,34,delay,15,1,1
2788,34,delay,16,2,2
2789,34,delay,17,1,1
2790,34,delay,18,-1,-1
2791,34,delay,19,1,1
2792,34,delay,20,1,1
2793,34,delay,21,0,0
2794,34,delay,22,0,0
2795,34,delay,23,1,1
2796,34,delay,24,0,0
2797,34,delay,25,0,0
2798,34,delay,26,2,2
2799,34,delay,27,-1,-1
2800,34,delay,28,2,2
2801,34,delay,29,0,0
2802,34,delay,30,0,0
2803,34,delay,31,0,0
2804,34,delay,32,0,0
2805,35,delay,0,-1,-1
2806,35,delay,1,1,1
2807,35,delay,2,0,0
2808,35,delay,3,1,1
2809,35,delay,4,2,2
2810,35,delay,5,2,2
2811,35,delay,6,-1,-1
2812,35,delay,7,-2,-2
2813,35,delay,8,2,2
2814,35,delay,9,0,0
2815,35,delay,10,-1,-1
2816,35,delay,11,2,2
2817,35,delay,12,-2,-1
2818,35,delay,13,1,1
2819,35,delay,14,-1,-1
2820,35,delay,15,1,1
2821,35,delay,16,2,2
2822,35,delay,17,1,1
2823,35,delay,18,-1,-1
2824,35,delay,19,1,1
2825,35,delay,20,1,1
2826,35,delay,21,0,0
2827,35,delay,22,0,0
2828,35,delay,23,1,1
2829,35,delay,24,0,0
2830,35,delay,25,-1,0
2831,35,delay,26,2,2
2832,35,delay,27,-1,-1
2833,35,delay,28,2,2
2834,35,delay,29,0,0
2835,35,delay,30,0,0
2836,35,delay,31,0,0
2837,35,delay,32,0,0
2838,36,delay,0,-1,-1
2839,36,delay,1,0,1
2840,36,delay,2,0,0
2841,36,delay,3,1,1
2842,36,delay,4,2,2
2843,36,delay,5,2,2
2844,36,delay,6,-1,-1
2845,36,delay,7,-2,-2
2846,36,delay,8,2,2
2847,36,delay,9,0,0
2848,36,delay,10,-1,-1
2849,36,delay,11,2,2
2850,36,delay,12,-2,-1
2851,36,delay,13,1,1
2852,36,delay,14,-1,-1
2853,36,delay,15,1,1
2854,36,delay,16,2,2
2855,36,delay,17,1,1
2856,36,delay,18,-1,-1
2857,36,delay,19,1,1
2858,36,delay,20,1,1
2859,36,delay,21,0,0
2860,36,delay,22,0,0
2861,36,delay,23,1,1
2862,36,delay,24,0,0
2863,36,delay,25,0,0
2864,36,delay,26,2,2
2865,36,delay,27,-1,-1
2866,36,delay,28,2,2
2867,36,delay,29,0,0
2868,36,delay,30,0,0
2869,36,delay,31,0,0
2870,36,delay,32,0,0
2871,37,delay,0,-1,-1
2872,37,delay,1,0,1
2873,37,delay,2,0,0
2874,37,delay,3,1,1
2875,37,delay,4,2,2
2876,37,delay,5,2,2
2877,37,delay,6,-1,-1
2878,37,delay,7,-2,-2
2879,37,delay,8,2,2
2880,37,delay,9,0,0
2881,37,delay,10,-1,-1
2882,37,delay,11,2,2
2883,37,delay,12,-2,-1
2884,37,delay,13,1,1
2885,37,delay,14,-1,-1
2886,37,delay,15,1,1
2887,37,delay,16,2,2
2888,37,delay,17,1,1
2889,37,delay,18,-1,-1
2890,37,delay,19,1,1
2891,37,delay,20,1,1
2892,37,delay,21,0,0
2893,37,delay,22,0,0
2894,37,delay,23,1,1
2895,37,delay,24,0,0
2896,37,delay,25,-1,0
2897,37,delay,26,2,2
2898,37,delay,27,-1,-1
2899,37,delay,28,2,2
2900,37,delay,29,0,0
2901,37,delay,30,0,0
2902,37,delay,31,0,0
2903,37,delay,32,0,0
2904,38,delay,0,-1,-1
2905,38,delay,1,0,1
2906,38,delay,2,0,0
2907,38,delay,3,1,1
2908,38,delay,4,2,2
2909,38,delay,5,2,2
2910,38,delay,6,-1,-1
2911,38,delay,7,-2,-2
2912,38,delay,8,2,2
2913,38,delay,9,0,0
2914,38,delay,10,-1,-1
2915,38,delay,11,2,2
2916,38,delay,12,-2,-1
2917,38,delay,13,1,1
2918,38,delay,14,-1,-1
2919,38,delay,15,1,1
2920,38,delay,16,2,2
2921,38,delay,17,1,1
2922,38,delay,18,-1,-1
2923,38,delay,19,1,1
2924,38,delay,20,1,1
2925,38,delay,21,0,0
2926,38,delay,22,0,0
2927,38,delay,23,1,1
2928,38,delay,24,0,0
2929,38,delay,25,0,0
2930,38,delay,26,2,2
2931,38,delay,27,-1,-1
2932,38,delay,28,2,2
2933,38,delay,29,0,0
2934,38,delay,30,0,0
2935,38,delay,31,0,0
2936,38,delay,32,0,0
2937,39,delay,0,-1,-1
2938,39,delay,1,0,1
2939,39,delay,2,0,0
2940,39,delay,3,1,1
2941,39,delay,4,2,2
2942,39,delay,5,2,2
2943,39,delay,6,-1,-1
2944,39,delay,7,-2,-2
2945,39,delay,8,2,2
2946,39,delay,9,0,0
2947,39,delay,10,-1,-1
2948,39,delay,11,2,2
2949,39,delay,12,-2,-1
2950,39,delay,13,1,1
2951,39,delay,14,-1,-1
2952,39,delay,15,1,1
2953,39,delay,16,2,2
2954,39,delay,17,1,1
2955,39,delay,18,-1,-1
2956,39,delay,19,1,1
2957,39,delay,20,1,1
2958,39,delay,21,0,0
2959,39,delay,22,0,0
2960,39,delay,23,1,1
2961,39,delay,24,0,0
2962,39,delay,25,0,0
2963,39,delay,26,2,2
2964,39,delay,27,-1,-1
2965,39,delay,28,2,2
2966,39,delay,29,0,0
2967,39,delay,30,-2,0
2968,39,delay,31,0,0
2969,39,delay,32,0,0
2970,40,delay,0,-1,-1
2971,40,delay,1,1,1
2972,40,delay,2,0,0
2973,40,delay,3,1,1
2974,40,delay,4,2,2
2975,40,delay,5,2,2
2976,40,delay,6,-1,-1
2977,40,delay,7,-2,-2
2978,40,delay,8,2,2
2979,40,delay,9,0,0
2980,40,delay,10,-1,-1
2981,40,delay,11,2,2
2982,40,delay,12,-2,-1
2983,40,delay,13,1,1
2984,40,delay,14,-1,-1
2985,40,delay,15,1,1
2986,40,delay,16,2,2
2987,40,delay,17,1,1
2988,40,delay,18,-1,-1
2989,40,delay,19,1,1
2990,40,delay,20,1,1
2991,40,delay,21,0,0
2992,40,delay,22,0,0
2993,40,delay,23,1,1
2994,40,delay,24,0,0
2995,40,delay,25,0,0
2996,40,delay,26,2,2
2997,40,delay,27,-1,-1
2998,40,delay,28,2,2
2999,40,delay,29,0,0
3000,40,delay,30,0,0
3001,40,delay,31,0,0
3002,40,delay,32,0,0
3003,41,delay,0,-1,-1
3004,41,delay,1,0,1
3005,41,delay,2,0,0
3006,41,delay,3,1,1
3007,41,delay,4,2,2
3008,41,delay,5,2,2
3009,41,delay,6,-1,-1
3010,41,delay,7,-2,-2
3011,41,delay,8,2,2
3012,41,delay,9,0,0
3013,41,delay,10,-1,-1
3014,41,delay,11,2,2
3015,41,delay,12,-1,-1
3016,41,delay,13,1,1
3017,41,delay,14,-1,-1
3018,41,delay,15,1,1
3019,41,delay,16,2,2
3020,41,delay,17,1,1
3021,41,delay,18,-1,-1
3022,41,delay,19,1,1
3023,41,delay,20,1,1
3024,41,delay,21,0,0
3025,41,delay,22,0,0
3026,41,delay,23,1,1
3027,41,delay,24,0,0
3028,41,delay,25,0,0
3029,41,delay,26,2,2
3030,41,delay,27,-1,-1
3031,41,delay,28,2,2
3032,41,delay,29,0,0
3033,41,delay,30,-2,0
3034,41,delay,31,0,0
3035,41,delay,32,0,0
3036,42,delay,0,-1,-1
3037,42,delay,1,0,1
3038,42,delay,2,0,0
3039,42,delay,3,1,1
3040,42,delay,4,2,2
3041,42,delay,5,2,2
3042,42,delay,6,-1,-1
3043,42,delay,7,-2,-2
3044,42,delay,8,2,2
3045,42,delay,9,0,0
3046,42,delay,10,-1,-1
3047,42,delay,11,2,2
3048,42,delay,12,-1,-1
3049,42,delay,13,1,1
3050,42,delay,14,-1,-1
3051,42,delay,15,1,1
3052,42,delay,16,2,2
3053,42,delay,17,1,1
3054,42,delay,18,-1,-1
3055,42,delay,19,1,1
3056,42,delay,20,1,1
3057,42,delay,21,0,0
3058,42,delay,22,0,0
3059,42,delay,23,1,1
3060,42,delay,24,-2,0
3061,42,delay,25,-1,0
3062,42,delay,26,2,2
3063,42,delay,27,-1,-1
3064,42,delay,28,2,2
3065,42,delay,29,0,0
3066,42,delay,30,0,0
3067,42,delay,31,0,0
3068,42,delay,32,0,0
3069,43,delay,0,-1,-1
3070,43,delay,1,0,1
3071,43,delay,2,0,0
3072,43,delay,3,1,1
3073,43,delay,4,2,2
3074,43,delay,5,2,2
3075,43,delay,6,-1,-1
3076,43,delay,7,-2,-2
3077,43,delay,8,2,2
3078,43,delay,9,0,0
3079,43,delay,10,-1,-1
3080,43,delay,11,2,2
3081,43,delay,12,-2,-1
3082,43,delay,13,1,1
3083,43,delay,14,-1,-1
3084,43,delay,15,1,1
3085,43,delay,16,2,2
3086,43,delay,17,1,1
3087,43,delay,18,-1,-1
3088,43,delay,19,1,1
3089,43,delay,20,1,1
3090,43,delay,21,0,0
3091,43,delay,22,0,0
3092,43,delay,23,1,1
3093,43,delay,24,0,0
3094,43,delay,25,-1,0
3095,43,delay,26,2,2
3096,43,delay,27,-1,-1
3097,43,delay,28,2,2
3098,43,delay,29,0,0
3099,43,delay,30,0,0
3100,43,delay,31,0,0
3101,43,delay,32,0,0
3102,44,delay,0,-1,-1
3103,44,delay,1,0,1
3104,44,delay,2,0,0
3105,44,delay,3,1,1
3106,44,delay,4,2,2
3107,44,delay,5,2,2
3108,44,delay,6,-1,-1
3109,44,delay,7,-2,-2
3110,44,delay,8,2,2
3111,44,delay,9,0,0
3112,44,delay,10,-1,-1
3113,44,delay,11,2,2
3114,44,delay,12,-1,-1
3115,44,delay,13,1,1
3116,44,delay,14,-1,-1
3117,44,delay,15,1,1
3118,44,delay,16,2,2
3119,44,delay,17,1,1
3120,44,delay,18,-1,-1
3121,44,delay,19,1,1
3122,44,delay,20,1,1
3123,44,delay,21,0,0
3124,44,delay,22,0,0
3125,44,delay,23,1,1
3126,44,delay,24,0,0
3127,44,delay,25,0,0
3128,44,delay,26,2,2
3129,44,delay,27,-1,-1
3130,44,delay,28,2,2
3131,44,delay,29,0,0
3132,44,delay,30,0,0
3133,44,delay,31,0,0
3134,44,delay,32,0,0
3135,45,delay,0,-1,-1
3136,45,delay,1,0,1
3137,45,delay,2,0,0
3138,45,delay,3,1,1
3139,45,delay,4,2,2
3140,45,delay,5,2,2
3141,45,delay,6,-1,-1
3142,45,delay,7,-2,-2
3143,45,delay,8,2,2
3144,45,delay,9,0,0
3145,45,delay,10,-1,-1
3146,45,delay,11,2,2
3147,45,delay,12,-2,-1
3148,45,delay,13,1,1
3149,45,delay,14,-1,-1
3150,45,delay,15,1,1
3151,45,delay,16,2,2
3152,45,delay,17,1,1
3153,45,delay,18,-1,-1
3154,45,delay,19,1,1
3155,45,delay,20,1,1
3156,45,delay,21,0,0
3157,45,delay,22,0,0
3158,45,delay,23,1,1
3159,45,delay,24,0,0
3160,45,delay,25,0,0
3161,45,delay,26,2,2
3162,45,delay,27,-1,-1
3163,45,delay,28,2,2
3164,45,delay,29,0,0
3165,45,delay,30,0,0
3166,45,delay,31,0,0
3167,45,delay,32,0,0
3168,46,delay,0,-1,-1
3169,46,delay,1,0,1
3170,46,delay,2,0,0
3171,46,delay,3,1,1
3172,46,delay,4,2,2
3173,46,delay,5,2,2
3174,46,delay,6,-1,-1
3175,46,delay,7,-2,-2
3176,46,delay,8,2,2
3177,46,delay,9,0,0
3178,46,delay,10,-1,-1
3179,46,delay,11,2,2
3180,46,delay,12,-2,-1
3181,46,delay,13,1,1
3182,46,delay,14,-1,-1
3183,46,delay,15,1,1
3184,46,delay,16,2,2
3185,46,delay,17,1,1
3186,46,delay,18,-1,-1
3187,46,delay,19,1,1
3188,46,delay,20,1,1
3189,46,delay,21,0,0
3190,46,delay,22,0,0
3191,46,delay,23,1,1
3192,46,delay,24,0,0
3193,46,delay,25,0,0
3194,46,delay,26,2,2
3195,46,delay,27,-1,-1
3196,46,delay,28,2,2
3197,46,delay,29,0,0
3198,46,delay,30,0,0
3199,46,delay,31,0,0
3200,46,delay,32,0,0
3201,47,delay,0,-1,-1
3202,47,delay,1,0,1
3203,47,delay,2,0,0
3204,47,delay,3,-2,1
3205,47,delay,4,2,2
3206,47,delay,5,2,2
3207,47,delay,6,-1,-1
3208,47,delay,7,-2,-2
3209,47,delay,8,2,2
3210,47,delay,9,0,0
3211,47,delay,10,-1,-1
3212,47,delay,11,2,2
3213,47,delay,12,-2,-1
3214,47,delay,13,1,1
3215,47,delay,14,-1,-1
3216,47,delay,15,1,1
3217,47,delay,16,2,2
3218,47,delay,17,1,1
3219,47,delay,18,-1,-1
3220,47,delay,19,1,1
3221,47,delay,20,1,1
3222,47,delay,21,0,0
3223,47,delay,22,0,0
3224,47,delay,23,1,1
3225,47,delay,24,0,0
3226,47,delay,25,0,0
3227,47,delay,26,2,2
3228,47,delay,27,-1,-1
3229,47,delay,28,2,2
3230,47,delay,29,0,0
3231,47,delay,30,0,0
3232,47,delay,31,0,0
3233,47,delay,32,0,0
3234,48,delay,0,-1,-1
3235,48,delay,1,0,1
3236,48,delay,2,0,0
3237,48,delay,3,1,1
3238,48,delay,4,2,2
3239,48,delay,5,2,2
3240,48,delay,6,-1,-1
3241,48,delay,7,-2,-2
3242,48,delay,8,2,2
3243,48,delay,9,0,0
3244,48,delay,10,-1,-1
3245,48,delay,11,2,2
3246,48,delay,12,-1,-1
3247,48,delay,13,1,1
3248,48,delay,14,-1,-1
3249,48,delay,15,1,1
3250,48,delay,16,2,2
3251,48,delay,17,1,1
3252,48,delay,18,-1,-1
3253,48,delay,19,1,1
3254,48,delay,20,1,1
3255,48,delay,21,0,0
3256,48,delay,22,0,0
3257,48,delay,23,1,1
3258,48,delay,24,0,0
3259,48,delay,25,-1,0
3260,48,delay,26,2,2
3261,48,delay,27,-1,-1
3262,48,delay,28,2,2
3263,48,delay,29,0,0
3264,48,delay,30,0,0
3265,48,delay,31,0,0
3266,48,delay,32,0,0
3267,49,delay,0,-1,-1
3268,49,delay,1,0,1
3269,49,delay,2,0,0
3270,49,delay,3,1,1
3271,49,delay,4,2,2
3272,49,delay,5,2,2
3273,49,delay,6,-1,-1
3274,49,delay,7,-2,-2
3275,49,delay,8,2,2
3276,49,delay,9,0,0
3277,49,delay,10,-1,-1
3278,49,delay,11,2,2
3279,49,delay,12,-1,-1
3280,49,delay,13,1,1
3281,49,delay,14,-1,-1
3282,49,delay,15,1,1
3283,49,delay,16,2,2
3284,49,delay,17,1,1
3285,49,delay,18,-1,-1
3286,49,delay,19,1,1
3287,49,delay,20,1,1
3288,49,delay,21,0,0
3289,49,delay,22,0,0
3290,49,delay,23,1,1
3291,49,delay,24,0,0
3292,49,delay,25,-1,0
3293,49,delay,26,2,2
3294,49,delay,27,-1,-1
3295,49,delay,28,2,2
3296,49,delay,29,0,0
3297,49,delay,30,0,0
3298,49,delay,31,0,0
3299,49,delay,32,0,0
